Site,Park,Treat,YEAR,TRTYR,Depth,Water,LITTER,DEAD,CALCANAD,CAMAPARI,CALSEPIU,CARAQUAT,CARBUXBA,CARCRAWE,CARCOMOS,CARCRYPT,CARLACUS,CARLANGU,CARLASIO,CARSARTW,CAREXSP,CERDEMER,CLAMARIS,CORSTOLO,DECVERTI,DULARUND,ELEPALUS,ELOCANAD,EleocharisSp,EQUFLUVI,Fern,FONTSP,FRAVIRGI,GALLABRA,HYDMORSU,HYPKALMI,IRIVERSA,JUNBALTI,JUNBREVI,JUNSP,LEEORYZO,LEMMINOR,LYSTHYRS,LYTHSP,LYTSALIC,MILLE,MYRSIBRI,MYRISP,NAJASP,Nitella,NUPVARIE,NYMODORA,PHRAUSTR,POLAMPHI,POLYGONSPP,PONCORD,POTGRAMI,POTOSP,RosaSP,SAGSPP,SAGLATIF,SCIACUTU,SCIFLUVI,SCIPUNGE,SCIVALID,SPAEURYE,SPARSP,SPIPOLYR,SOLOSP,SolidagoSP,THEPALUS,TYPSPP,TYPANGUS,TYPGLAUC,TYPLATIF,UTRINTER,UTRVULGA,UNK,Vetch sp,ZIZPALUS
LPC21,1,3,2016,316,21,0.09995002,0.04997501,0,0,0,,0,,,0,,0,,0,,0,0,,,0,0,0,0,,0,,0,,0,0.00049975,,,,,0,0,0,0,0,,0,0,0,0,0,0,0,0.7996002,0,,0,0,0,,0,0,0,0,0,0,0,0,0,0,,0,0,0.04997501,0,0,0,0,0,,0
LPC22,1,3,2016,316,36,0.04997501,0.09995002,0,0,0,,0,,,0,,0,,0,,0,0,,,0,0,0,0,,0,,0,,0,0.00049975,,,,,0,0,0,0,0,,0,0,0,0,0,0,0,0.6996502,0,,0,0,0,,0,0,0,0,0,0,0,0,0,0,,0,0,0.149925,0,0,0,0,0,,0
LPC23,1,3,2016,316,24,0.09995002,0.09995002,0,0,0,,0,,,0,,0,,0,,0,0,,,0,0,0,0,,0,,0,,0,0.00049975,,,,,0,0,0,0,0,,0,0,0,0,0,0,0,0.7996002,0,,0,0,0,,0,0,0,0,0,0,0,0,0,0,,0,0,0,0,0,0,0,0,,0
LPC24,1,3,2016,316,13,0.05,0.15,0,0,0,,0,,,0,,0,,0,,0,0,,,0,0,0,0,,0,,0,,0,0,,,,,0,0,0,0,0,,0,0,0,0,0,0,0,0.8,0,,0,0,0,,0,0,0,0,0,0,0,0,0,0,,0,0,0,0,0,0,0,0,,0
LPC25,1,3,2016,316,10,0.04997501,0.04997501,0,0.04997501,0,,0.04997501,,,0,,0,,0,,0,0,,,0,0,0,0.00049975,,0,,0,,0,0,,,,,0,0,0,0,0,,0,0,0,0,0,0,0,0.5997002,0,,0,0,0,,0,0,0,0,0,0,0,0,0,0,,0,0,0.04997501,0.149925,0,0,0,0,,0
LPC26,1,3,2016,316,14,0.000499501,0.0999001,0,0.1498501,0,,0.000499501,,,0,,0,,0,,0,0,,,0,0,0,0,,0,,0,,0,0,,,,,0,0,0,0,0,,0,0,0,0,0,0,0,0.5994006,0,,0,0,0,,0,0,0,0,0,0,0,0,0,0,,0,0,0.1498501,0,0,0,0,0,,0
LPC27,1,3,2016,316,17,0.1,0.1,0,0,0,,0,,,0,,0,,0,,0,0,,,0,0,0,0,,0,,0,,0,0,,,,,0,0,0,0,0,,0,0,0,0,0,0,0,0.5,0,,0,0,0,,0,0,0,0,0,0,0,0,0,0,,0,0,0,0.3,0,0,0,0,,0
LPC28,1,3,2016,316,23,0.05,0.05,0.2,0,0,,0,,,0,,0,,0,,0,0,,,0,0,0,0,,0,,0,,0,0,,,,,0,0,0,0,0,,0,0,0,0,0,0,0,0.7,0,,0,0,0,,0,0,0,0,0,0,0,0,0,0,,0,0,0,0,0,0,0,0,,0
LPC29,1,3,2016,316,29,0.00049975,0.04997501,0.04997501,0,0,,0,,,0,,0,,0,,0,0,,,0,0,0,0,,0,,0,,0,0,,,,,0,0,0,0,0,,0,0,0,0,0,0,0,0.8995502,0,,0,0,0,,0,0,0,0,0,0,0,0,0,0,,0,0,0,0,0,0,0,0,,0
LPC30,1,3,2016,316,26,0.149925,0.04997501,0,0,0,,0,,,0,,0,,0,,0,0,,,0,0,0,0,,0,,0,,0,0,,,,,0,0,0,0,0,,0,0,0,0,0,0,0,0.7996002,0,,0,0,0,,0,0,0,0,0,0,0,0,0,0,,0,0,0.00049975,0,0,0,0,0,,0
LPC31,1,3,2016,316,20,0.09995002,0.04997501,0,0,0,,0,,,0,,0,,0,,0,0,,,0,0,0,0,,0,,0,,0,0,,,,,0,0,0,0,0,,0,0,0,0,0,0,0,0.7996002,0,,0,0,0,,0,0,0,0,0,0,0,0,0,0,,0,0,0.04997501,0.00049975,0,0,0,0,,0
LPC32,1,3,2016,316,19,0.00049975,0.09995002,0,0,0,,0,,,0,,0,,0,,0,0,,,0,0,0,0,,0,,0,,0,0,,,,,0,0,0,0,0,,0,0,0,0,0,0,0,0.8995502,0,,0,0,0,,0,0,0,0,0,0,0,0,0,0,,0,0,0,0,0,0,0,0,,0
LPC33,1,3,2016,316,18,0.00049975,0.09995002,0,0,0,,0,,,0,,0,,0,,0,0,,,0,0,0,0,,0,,0,,0,0,,,,,0,0,0,0,0,,0,0,0,0,0,0,0,0.5997002,0,,0,0,0,,0,0,0,0.04997501,0,0,0,0,0,0,,0,0,0.2498751,0,0,0,0,0,,0
LPC34,1,3,2016,316,38,0.2994012,0.000499002,0,0,0,,0,,,0,,0,,0,,0,0,,,0,0,0,0,,0,,0,,0,0.000499002,,,,,0,0,0,0,0,,0,0,0,0,0,0,0,0.6986027,0,,0,0,0,,0,0,0.000499002,0,0.000499002,0,0,0,0,0,,0,0,0,0,0,0,0,0,,0
LPC35,1,3,2016,316,28,0.04997501,0.04997501,0,0,0,,0,,,0,,0,,0,,0,0,,,0,0,0,0,,0,,0,,0,0.00049975,,,,,0,0,0,0,0,,0,0,0,0,0,0,0,0.8995502,0,,0,0,0,,0,0,0,0,0,0,0,0,0,0,,0,0,0,0,0,0,0,0,,0
LPC36,1,3,2016,316,24,0.1,0.05,0.05,0,0,,0,,,0,,0,,0,,0,0,,,0,0,0,0,,0,,0,,0,0,,,,,0,0,0,0,0,,0,0,0,0,0,0,0,0.8,0,,0,0,0,,0,0,0,0,0,0,0,0,0,0,,0,0,0,0,0,0,0,0,,0
LPC37,1,3,2016,316,18,0.05,0.05,0,0,0,,0,,,0,,0,,0,,0,0,,,0,0,0,0,,0,,0,,0,0,,,,,0,0,0,0,0,,0,0,0,0,0,0,0,0.9,0,,0,0,0,,0,0,0,0,0,0,0,0,0,0,,0,0,0,0,0,0,0,0,,0
LPC38,1,3,2016,316,34,0.05,0.05,0,0,0,,0,,,0,,0,,0,,0,0,,,0,0,0,0,,0,,0,,0,0,,,,,0,0,0,0,0,,0,0,0,0,0,0,0,0.9,0,,0,0,0,,0,0,0,0,0,0,0,0,0,0,,0,0,0,0,0,0,0,0,,0
LPC39,1,3,2016,316,13,0.04992511,0.09985022,0,0.000499251,0,,0,,,0,,0,,0,,0,0,,,0,0,0,0,,0,,0,,0,0,,,,,0,0.000499251,0,0,0,,0,0,0,0,0,0,0,0.7988018,0,,0,0,0,,0,0,0,0,0,0,0,0,0,0,,0,0,0.000499251,0.04992511,0,0,0,0,,0
LPC40,1,3,2016,316,28,0.1498501,0.04995005,0.000499501,0,0,,0,,,0,,0,,0,,0,0,,,0,0,0,0,,0,,0,,0,0.000499501,,,,,0,0,0,0,0,,0,0,0,0,0,0,0,0.7992008,0,,0,0,0,,0,0,0,0,0,0,0,0,0,0,,0,0,0,0,0,0,0,0,,0
LPT05,1,4,2016,416,31,0.0999001,0.0999001,0,0,0,,0.0999001,,,0.000499501,,0,,0,,0,0,,,0,0,0,0.000499501,,0,,0,,0,0.04995005,,,,,0,0,0,0,0,,0,0,0,0,0,0,0,0.3996004,0,,0,0,0,,0,0,0,0,0,0,0,0,0,0,,0,0,0.0999001,0.1498501,0,0,0,0,,0
LPT06,1,4,2016,416,30,0.04997501,0.04997501,0,0,0,,0,,,0,,0,,0,,0,0,,,0,0,0,0,,0,,0,,0,0.00049975,,,,,0,0,0,0,0,,0,0,0,0,0,0,0,0.8995502,0,,0,0,0,,0,0,0,0,0,0,0,0,0,0,,0,0,0,0,0,0,0,0,,0
LPT07,1,4,2016,416,22,0.05,0.15,0,0,0,,0,,,0,,0,,0,,0,0,,,0,0,0,0,,0,,0,,0,0.05,,,,,0,0,0,0,0,,0,0,0,0,0,0,0,0.6,0,,0,0,0,,0,0,0,0,0,0,0,0,0,0,,0,0,0.05,0.1,0,0,0,0,,0
LPT08,1,4,2016,416,21,0.04997501,0.09995002,0,0,0,,0,,,0,,0,,0,,0,0,,,0,0,0,0,,0,,0,,0,0.00049975,,,,,0,0,0,0,0,,0,0,0,0,0,0,0,0.6996502,0,,0,0,0,,0,0,0,0,0,0,0,0,0,0,,0,0,0.149925,0,0,0,0,0,,0
LPT09,1,4,2016,416,24,0.04997501,0.04997501,0,0,0,,0,,,0,,0,,0,,0,0,,,0,0,0,0,,0,,0,,0,0,,,,,0,0,0,0,0,,0,0,0,0,0,0,0,0.8995502,0,,0,0,0,,0,0,0,0,0,0,0,0,0,0,,0,0,0.00049975,0,0,0,0,0,,0
LPT10,1,4,2016,416,22,0.04995005,0.04995005,0,0,0,,0,,,0,,0,,0,,0,0,,,0,0,0,0,,0,,0,,0,0.000499501,,,,,0,0,0,0,0,,0,0,0,0,0,0,0,0.8991008,0,,0,0,0,,0,0,0,0.000499501,0,0,0,0,0,0,,0,0,0,0,0,0,0,0,,0
LPT11,1,4,2016,416,28,0.04997501,0.09995002,0,0,0,,0,,,0,,0,,0,,0,0,,,0,0,0,0,,0,,0,,0,0.00049975,,,,,0,0,0,0,0,,0,0,0,0,0,0,0,0.6996502,0,,0,0,0,,0,0,0,0,0,0,0,0,0,0,,0,0,0.149925,0,0,0,0,0,,0
LPT12,1,4,2016,416,18,0.0999001,0.04995005,0,0,0.000499501,,0.04995005,,,0,,0,,0,,0,0,,,0,0,0,0,,0,,0,,0,0.000499501,,,,,0,0,0,0,0,,0,0,0,0,0,0,0,0.7992008,0,,0,0,0,,0,0,0,0,0,0,0,0,0,0,,0,0,0,0,0,0,0,0,,0
LPT13,1,4,2016,416,13,0.04992511,0.09985022,0,0.04992511,0,,0.000499251,,,0,,0,,0,,0.04992511,0,,,0,0,0,0,,0,,0,,0,0.000499251,,,,,0,0,0,0,0,,0,0,0,0,0,0,0,0.5991014,0,,0,0,0,,0,0.000499251,0,0,0,0,0,0,0,0,,0,0,0,0.1497753,0,0,0,0,,0
LPT14,1,4,2016,416,22,0.04992511,0.04992511,0,0,0,,0,,,0,,0,,0,,0,0,,,0,0,0,0.000499251,,0,,0,,0,0.04992511,,,,,0,0,0,0,0,,0,0,0,0,0,0,0,0.7988017,0,,0,0,0,,0,0.000499251,0,0,0,0,0,0.000499251,0,0,,0,0,0.04992511,0,0,0,0,0,,0
LPT15,1,4,2016,416,17,0.04995005,0.04995005,0.04995005,0,0,,0,,,0,,0,,0,,0,0,,,0,0,0,0.000499501,,0,,0,,0,0.000499501,,,,,0,0,0,0,0,,0,0,0,0,0,0,0,0.7992008,0,,0,0,0,,0,0,0,0,0,0,0,0,0,0,,0,0,0.04995005,0,0,0,0,0,,0
LPT16,1,4,2016,416,19,0.09995002,0.04997501,0,0,0,,0,,,0,,0,,0,,0,0,,,0,0,0,0,,0,,0,,0,0.00049975,,,,,0,0,0,0,0,,0,0,0,0,0,0,0,0.7996002,0,,0,0,0,,0,0,0,0,0,0,0,0,0,0,,0,0,0.04997501,0,0,0,0,0,,0
LPT17,1,4,2016,416,42,0.1497006,0.04990019,0,0,0,,0,,,0,,0,,0,,0,0,,,0,0,0,0,,0,,0,,0,0.000499002,,,,,0,0,0,0,0,,0,0,0,0,0,0,0,0.6986027,0,,0,0,0,,0,0.04990019,0.000499002,0,0,0.000499002,0,0.000499002,0,0,,0,0,0.04990019,0,0,0,0,0,,0
LPT18,1,4,2016,416,21,0.0999001,0.04995005,0.04995005,0,0,,0,,,0,,0,,0,,0,0,,,0,0,0,0,,0,,0,,0,0.000499501,,,,,0,0,0,0,0,,0,0,0,0,0,0,0,0.7992008,0,,0,0,0,,0,0,0,0,0,0,0,0,0,0,,0,0,0.000499501,0,0,0,0,0,,0
LPT19,1,4,2016,416,18,0.04995005,0.0999001,0.04995005,0,0,,0,,,0,,0,,0,,0,0,,,0,0,0,0,,0,,0,,0,0.000499501,,,,,0,0,0,0,0,,0,0,0,0,0,0,0,0.7992008,0,,0,0,0,,0,0,0,0,0,0,0,0,0,0,,0,0,0.000499501,0,0,0,0,0,,0
LPT20,1,4,2016,416,24,0.1498501,0.04995005,0,0,0,,0,,,0,,0,,0,,0,0,,,0,0,0,0,,0,,0,,0,0.000499501,,,,,0,0,0,0,0,,0,0,0,0,0,0,0,0.7992008,0,,0,0,0,,0,0,0,0,0,0,0,0,0,0,,0,0,0.000499501,0,0,0,0,0,,0
LPT41,1,4,2016,416,13,0.04995005,0.04995005,0,0,0,,0,,,0,,0,,0,,0,0,,,0,0,0,0,,0,,0,,0,0.000499501,,,,,0,0,0,0,0,,0,0,0,0,0,0,0,0.8991008,0,,0,0,0,,0,0,0,0,0,0,0,0,0,0,,0,0,0.000499501,0,0,0,0,0,,0
LPT42,1,4,2016,416,24,0.04997501,0.04997501,0,0,0,,0,,,0,,0,,0,,0,0,,,0,0,0,0,,0,,0,,0,0.00049975,,,,,0,0,0,0,0,,0,0,0,0,0,0,0,0.8995502,0,,0,0,0,,0,0,0,0,0,0,0,0,0,0,,0,0,0,0,0,0,0,0,,0
LPT43,1,4,2016,416,25,0.1,0.05,0.05,0,0,,0,,,0,,0,,0,,0,0,,,0,0,0,0,,0,,0,,0,0.05,,,,,0,0,0,0,0,,0,0,0,0,0,0,0,0.5,0,,0,0,0,,0,0,0,0,0,0,0,0,0,0,,0,0,0.25,0,0,0,0,0,,0
LPT44,1,4,2016,416,33,0.04997501,0.04997501,0,0,0,,0,,,0,,0,,0,,0,0,,,0,0,0,0,,0,,0,,0,0.00049975,,,,,0,0,0,0,0,,0,0,0,0,0,0,0,0.7996002,0,,0,0,0,,0,0,0,0,0,0,0,0,0,0,,0,0,0.09995002,0,0,0,0,0,,0
RPC02,2,3,2016,316,42,0.04992511,0.04992511,0,0,0,,0,,,0,,0,,0,,0,0,,,0,0,0,0,,0,,0,,0,0.000499251,,,,,0,0,0,0,0,,0,0,0,0,0,0,0,0.898652,0,,0,0,0.000499251,,0,0,0.000499251,0,0,0,0,0,0,0,,0,0,0,0,0,0,0,0,,0
RPC03,2,3,2016,316,32,0.05,0.1,0,0,0,,0,,,0,,0,,0,,0,0,,,0,0,0,0,,0,,0,,0,0.1,,,,,0,0,0,0,0,,0,0,0,0,0,0,0,0.6,0,,0,0,0,,0,0,0,0,0,0,0,0,0,0,,0,0,0,0.15,0,0,0,0,,0
RPC04,2,3,2016,316,13,0.0999001,0.0999001,0,0,0,,0,,,0,,0,,0,,0,0,,,0,0,0,0,,0,,0,,0,0.000499501,,,,,0,0,0,0,0,,0,0,0,0,0,0,0,0.3996004,0,,0,0,0,,0,0,0,0,0,0,0,0,0,0.000499501,,0,0,0,0.3996004,0,0,0,0,,0
RPC05,2,3,2016,316,20,0.09995002,0.04997501,0,0,0,,0,,,0,,0,,0,,0,0,,,0.00049975,0,0,0,,0,,0,,0,0.04997501,,,,,0,0,0,0,0,,0,0,0,0,0,0,0,0.7996002,0,,0,0,0,,0,0,0,0,0,0,0,0,0,0,,0,0,0,0,0,0,0,0,,0
RPC06,2,3,2016,316,32,0.04995005,0.04995005,0,0,0,,0,,,0,,0,,0,,0,0,,,0,0,0,0,,0,,0,,0,0.000499501,,,,,0,0,0,0,0,,0,0,0,0,0,0,0,0.7992008,0,,0,0,0,,0,0,0.000499501,0,0,0,0,0,0,0,,0,0,0.0999001,0,0,0,0,0,,0
RPC07,2,3,2016,316,25,0.09985022,0.04992511,0,0.04992511,0,,0,,,0,,0,,0,,0,0,,,0,0,0.000499251,0,,0,,0,,0,0.04992511,,,,,0,0,0,0,0,,0,0,0,0,0,0,0,0.6989515,0,,0,0,0,,0,0.04992511,0,0,0,0.000499251,0,0,0,0,,0,0,0,0,0,0,0,0,,0.000499251
RPC08,2,3,2016,316,20,0.0997009,0.04985045,0,0.000498505,0.000498505,,0.04985045,,,0.000498505,,0,,0.2991027,,0,0,,,0,0,0.000498505,0,,0,,0,,0,0.000498505,,,,,0,0,0,0,0,,0,0,0,0,0,0,0,0.4985045,0,,0,0,0,,0,0.000498505,0,0,0,0,0,0,0,0,,0,0,0,0,0,0,0,0,,0
RPC09,2,3,2016,316,32,0.04992511,0.04992511,0,0,0,,0.1497753,,,0,,0,,0,,0,0,,,0,0.000499251,0,0,,0,,0,,0,0.04992511,,,,,0,0,0,0,0,,0,0,0,0,0,0,0,0.6989515,0,,0,0,0,,0,0.000499251,0,0,0,0,0,0,0,0,,0,0,0,0,0,0,0,0,,0.000499251
RPC10,2,3,2016,316,24,0.04987531,0.04987531,0,0.000498753,0.000498753,,0.04987531,,,0,,0,,0,,0,0,,,0,0.000498753,0,0,,0,,0,,0,0.000498753,,,,,0,0,0,0,0,,0,0,0,0,0,0,0,0.6982543,0.04987531,,0,0,0,,0,0.000498753,0,0,0,0,0,0,0,0,,0,0,0,0.04987531,0,0,0,0,,0.04987531
RPC11,2,3,2016,316,23,0.04987531,0.04987531,0,0.000498753,0,,0,,,0.04987531,,0,,0,,0,0,,,0,0.04987531,0.000498753,0,,0,,0,,0,0.09975062,,,,,0,0,0,0,0,,0,0,0,0,0,0,0,0.6982543,0.000498753,,0,0,0,,0,0.000498753,0,0,0,0,0,0,0,0,,0,0,0,0,0,0,0,0,,0.000498753
RPC12,2,3,2016,316,21,0.0499002,0.0499002,0,0,0,,0.0499002,,,0,,0,,0,,0,0,,,0,0.000499002,0.000499002,0,,0,,0,,0,0.000499002,,,,,0,0,0,0,0,,0,0,0,0,0,0,0,0.7984031,0,,0,0,0,,0,0.000499002,0,0,0,0,0,0,0,0,,0,0,0,0,0,0,0,0,,0.0499002
RPC13,2,3,2016,316,34,0.0999001,0.04995005,0,0,0,,0,,,0,,0,,0,,0,0,,,0,0,0,0,,0,,0,,0.000499501,0.04995005,,,,,0,0,0,0.000499501,0,,0,0,0,0,0,0,0,0.7992008,0,,0,0,0,,0,0,0,0,0,0,0,0,0,0,,0,0,0,0,0,0,0,0,,0
RPC14,2,3,2016,316,17,0.000498504,0.04985044,0,0,0,,0,,,0,,0,,0,,0,0,,,0,0.04985044,0.000498504,0,,0,,0,,0,0.04985044,,,,,0,0,0,0.000498504,0,,0,0,0,0,0,0,0,0.7976071,0.04985044,,0,0,0,,0,0.000498504,0,0,0,0,0,0,0,0,,0,0,0,0.000498504,0,0,0,0,,0.000498504
RPC15,2,3,2016,316,13,0.04982561,0.04982561,0,0.09965122,0.000498256,,0,,,0,,0,,0,,0,0,,,0,0,0.000498256,0,,0,,0,,0.000498256,0,,,,,0,0,0,0,0,,0,0,0,0,0,0,0,0.7972097,0.000498256,,0,0,0,,0,0.000498256,0,0,0,0,0,0,0,0,,0,0,0.000498256,0,0,0,0,0,,0.000498256
RPC16,2,4,2016,416,41,0.09980039,0.0499002,0.0499002,0.09980039,0,,0.0499002,,,0,,0,,0.0499002,,0,0,,,0,0.000499002,0,0,,0,,0,,0,0.0499002,,,,,0,0,0,0.000499002,0,,0,0,0,0,0,0,0,0.3992016,0.000499002,,0,0,0,,0,0.000499002,0,0,0,0,0,0,0,0,,0,0,0,0.09980039,0.0499002,0,0,0,,0
RPC17,2,3,2016,316,32,0.00049975,0.09995002,0,0,0,,0,,,0,,0,,0,,0,0,,,0,0,0,0,,0,,0,,0,0.1999,,,,,0,0,0,0,0,,0,0,0,0,0,0,0,0.4997501,0,,0,0,0,,0,0,0,0,0,0,0,0,0,0,,0,0,0,0.1999,0,0,0,0,,0
RPC18,2,3,2016,316,20,0.000499501,0.04995005,0,0,0,,0,,,0,,0,,0,,0,0,,,0,0,0,0,,0,,0,,0,0.04995005,,,,,0,0,0,0,0,,0,0,0,0,0,0,0,0.8991008,0,,0,0,0,,0,0,0,0,0,0,0,0,0,0,,0,0,0.000499501,0,0,0,0,0,,0
RPC19,2,3,2016,316,44,0.00049975,0.04997501,0,0,0,,0,,,0,,0,,0,,0,0,,,0,0,0,0,,0,,0,,0,0.09995002,,,,,0,0,0,0,0,,0,0,0,0,0,0,0,0.7996002,0,,0,0,0,,0,0,0,0,0,0,0,0,0,0,,0,0,0,0.04997501,0,0,0,0,,0
RPC20,2,3,2016,316,23,0.00049975,0.09995002,0,0,0,,0,,,0,,0,,0,,0,0,,,0,0,0,0,,0,,0,,0,0.04997501,,,,,0,0,0,0,0,,0,0,0,0,0,0,0,0.7996002,0,,0,0,0,,0,0,0,0,0,0,0,0,0,0,,0,0,0,0.04997501,0,0,0,0,,0
RPC41,2,3,2016,316,48,0.000499251,0.000499251,0,0,0,,0,,,0,,0,,0,,0,0,,,0,0,0,0,,0,,0,,0,0.1497753,,,,,0,0,0,0,0,,0,0,0,0,0,0,0.000499251,0.4992511,0,,0,0,0,,0,0,0,0,0,0,0,0,0,0,,0,0,0,0.2995507,0,0,0,0,,0.04992511
RPT21,2,4,2016,416,33,0.00049975,0.04997501,0,0,0,,0,,,0,,0,,0,,0,0,,,0,0,0,0,,0,,0,,0,0.04997501,,,,,0,0,0,0,0,,0,0,0,0,0,0,0,0.7996002,0,,0,0,0,,0,0,0,0,0,0,0,0,0.09995002,0,,0,0,0,0,0,0,0,0,,0
RPT22,2,4,2016,416,18,0.09995002,0.04997501,0,0,0,,0,,,0,,0,,0,,0,0,,,0,0,0,0,,0,,0,,0,0.04997501,,,,,0,0,0,0,0,,0,0,0,0,0,0,0,0.7996002,0,,0,0,0,,0,0,0,0,0,0,0,0,0.00049975,0,,0,0,0,0,0,0,0,0,,0
RPT23,2,4,2016,416,31,0.04995005,0.04995005,0,0,0,,0,,,0,,0,,0,,0,0,,,0,0,0,0,,0,,0,,0,0.000499501,,,,,0,0,0,0,0,,0,0,0,0,0,0,0,0.8991008,0,,0,0,0,,0,0,0,0,0,0,0,0,0.000499501,0,,0,0,0,0,0,0,0,0,,0
RPT24,2,4,2016,416,26,0.05,0.05,0,0,0,,0,,,0,,0,,0,,0,0,,,0,0,0,0,,0,,0,,0,0.05,,,,,0,0,0,0,0,,0,0,0,0,0,0,0,0.8,0,,0,0,0,,0,0,0,0,0,0,0,0,0,0,,0,0,0.05,0,0,0,0,0,,0
RPT25,2,4,2016,416,21,0.1,0.1,0,0,0,,0,,,0,,0,,0,,0,0,,,0,0,0,0,,0,,0,,0,0,,,,,0,0,0,0,0,,0,0,0,0,0,0,0,0.8,0,,0,0,0,,0,0,0,0,0,0,0,0,0,0,,0,0,0,0,0,0,0,0,,0
RPT26,2,4,2016,416,47,0.09995002,0.04997501,0,0,0,,0,,,0,,0,,0,,0,0,,,0,0,0,0,,0,,0,,0,0.04997501,,,,,0,0,0,0,0,,0,0,0,0,0,0,0,0.3998001,0,,0,0,0,,0,0.00049975,0,0,0,0,0,0,0,0,,0,0,0.2998501,0.09995002,0,0,0,0,,0
RPT27,2,4,2016,416,44,0.2995507,0.04992511,0,0,0,,0,,,0,,0,,0,,0,0,,,0,0,0,0,,0,,0,,0,0.000499251,,,,,0,0,0,0,0,,0,0,0,0,0,0,0,0.5991013,0,,0,0.000499251,0,,0,0,0.04992511,0,0,0,0,0,0,0,,0,0,0,0,0,0,0,0,,0.000499251
RPT28,2,4,2016,416,16,0.0499002,0.0499002,0.0499002,0.000499002,0.000499002,,0,,,0,,0.000499002,,0.000499002,,0,0,,,0,0,0,0,,0,,0,,0,0,,,,,0,0,0,0,0,,0,0,0,0,0,0,0,0.7984032,0.0499002,,0,0,0,,0,0,0,0,0,0,0,0,0,0,,0,0,0,0,0,0,0,0,,0
RPT29,2,4,2016,416,32,0.000499501,0.1498501,0,0,0,,0,,,0,,0,,0,,0,0,,,0,0,0,0,,0,,0,,0,0.0999001,,,,,0,0,0,0,0,,0,0,0,0,0,0,0,0.5994006,0,,0,0,0,,0,0,0,0,0,0,0.000499501,0,0,0,,0,0,0.04995005,0.0999001,0,0,0,0,,0
RPT30,2,4,2016,416,22,0.00049975,0.09995002,0,0,0,,0,,,0,,0,,0,,0,0,,,0,0,0,0,,0,,0,,0,0.09995002,,,,,0,0,0,0,0,,0,0,0,0,0,0,0,0.7996002,0,,0,0,0,,0,0,0,0,0,0,0,0,0,0,,0,0,0,0,0,0,0,0,,0
RPT31,2,4,2016,416,20,0.00049975,0.04997501,0.09995002,0,0,,0,,,0,,0,,0,,0,0,,,0,0,0,0,,0,,0,,0,0.04997501,,,,,0,0,0,0,0,,0,0,0,0,0,0,0,0.7996002,0,,0,0,0,,0,0,0,0,0,0,0,0,0,0,,0,0,0,0,0,0,0,0,,0
RPT32,2,4,2016,416,17,0.09975062,0.09975062,0,0.000498753,0,,0,,,0,,0,,0,,0.000498753,0,,,0,0,0,0,,0,,0,,0,0.000498753,,,,,0,0,0,0,0,,0,0,0,0,0,0,0,0.5985038,0.000498753,,0,0,0,,0,0.04987531,0,0,0,0,0.000498753,0,0,0,,0,0,0,0.1496259,0,0,0,0,,0
RPT33,2,4,2016,416,31,0.1498501,0.04995005,0.04995005,0.000499501,0,,0.0999001,,,0,,0,,0.1498501,,0,0,,,0,0,0,0,,0,,0,,0,0,,,,,0,0,0,0,0,,0,0,0,0,0,0,0,0.4995005,0,,0,0,0,,0,0,0.000499501,0,0,0,0,0,0,0,,0,0,0,0,0,0,0,0,,0
RPT34,2,4,2016,416,16,0.0499002,0.0499002,0.000499002,0.0998004,0.000499002,,0.0499002,,,0,,0,,0.000499002,,0,0,,,0.0499002,0,0,0,,0,,0,,0,0,,,,,0,0,0,0,0,,0,0,0,0,0,0,0,0.499002,0.0998004,,0,0,0,,0,0.0499002,0,0,0,0,0,0,0,0,,0.0499002,0,0,0,0,0,0,0.000499002,,0
RPT35,2,4,2016,416,46,0.09995002,0.04997501,0,0,0,,0,,,0,,0,,0,,0,0,,,0,0,0,0,,0,,0,,0,0,,,,,0,0,0,0,0,,0,0,0,0,0,0.04997501,0,0.7996002,0,,0,0,0,,0,0,0.00049975,0,0,0,0,0,0,0,,0,0,0,0,0,0,0,0,,0
RPT36,2,4,2016,416,45,0.04997501,0.04997501,0,0,0,,0,,,0,,0,,0,,0,0,,,0,0,0.00049975,0,,0,,0,,0,0,,,,,0,0,0,0,0,,0,0,0,0,0,0,0,0.8995502,0,,0,0,0,,0,0,0,0,0,0,0,0,0,0,,0,0,0,0,0,0,0,0,,0
RPT37,2,4,2016,416,18,0.09975062,0.04987531,0,0,0,,0.000498753,,,0,,0,,0.000498753,,0,0,,,0,0,0,0,,0,,0,,0,0,,,,,0,0,0,0,0.000498753,,0,0,0,0,0,0,0,0.7980049,0,,0,0,0,,0,0,0.000498753,0,0,0,0,0,0,0,,0,0,0,0,0.04987531,0,0,0.000498753,,0
RPT38,2,4,2016,416,33,0.04995005,0.04995005,0,0,0,,0,,,0,,0,,0,,0,0,,,0,0,0.000499501,0,,0,,0,,0,0.000499501,,,,,0,0,0,0,0,,0,0,0,0,0,0,0,0.8991009,0,,0,0,0,,0,0,0,0,0,0,0,0,0,0,,0,0,0,0,0,0,0,0,,0
RPT39,2,4,2016,416,21,0.04982561,0.04982561,0.09965122,0,0.000498256,,0.000498256,,,0,,0,,0.000498256,,0,0,,,0,0,0.000498256,0.000498256,,0,,0,,0,0.000498256,,,,,0,0,0,0,0,,0,0,0,0,0,0,0,0.7972098,0,,0,0,0,,0,0,0,0,0,0,0,0,0,0,,0,0,0.000498256,0,0,0,0,0,,0
RPT40,2,4,2016,416,24,0.149925,0.04997501,0,0,0,,0,,,0,,0,,0,,0,0,,,0,0,0,0,,0,,0,,0,0.00049975,,,,,0,0,0,0,0,,0,0,0,0,0,0,0,0.7996002,0,,0,0,0,,0,0,0,0,0,0,0,0,0,0,,0,0,0,0,0,0,0,0,,0
LPC21,1,3,2017,317,52,0.08264463,0.004132231,0.04132231,0,0,,0,,,0,,0,,0,,0,0,,,0,0,0,0,,0,,0,,0,0.1652893,,,,,0,0,0,0,0,,0,0,0,0,0,0,0,0.661157,0,,0,0,0,,0,0,0,0,0,0,0,0,0,0,,0,0,0,0.04132231,0,0,0.004132231,0,,0
LPC22,1,3,2017,317,48,0.07968128,0.1593626,0.07968128,0,0,,0,,,0,,0,,0,,0,0,,,0,0,0,0,,0,,0,,0,0.03984064,,,,,0,0,0,0,0,,0,0,0,0,0,0,0,0.5577689,0,,0,0,0,,0,0,0,0,0,0,0,0,0,0,,0,0,0,0.07968128,0,0,0.003984064,0,,0
LPC23,1,3,2017,317,59,0.04716981,0.09433962,0.09433962,0,0,,0,,,0,,0,,0,,0,0,,,0,0,0,0,,0,,0,,0,0.004716981,,,,,0,0,0,0,0,,0,0,0,0,0,0,0,0.754717,0,,0,0,0,,0,0,0,0,0,0,0,0,0,0,,0,0,0,0,0,0,0.004716981,0,,0
LPC24,1,3,2017,317,36,0.04950495,0.004950495,0.04950495,0,0,,0,,,0,,0,,0,,0,0,,,0,0,0,0,,0,,0,,0,0.004950495,,,,,0,0,0,0,0,,0,0,0,0,0,0,0,0.8910891,0,,0,0,0,,0,0,0,0,0,0,0,0,0,0,,0,0,0,0,0,0,0,0,,0
LPC25,1,3,2017,317,38,0.0990099,0.004950495,0.004950495,0.04950495,0,,0.0990099,,,0,,0,,0,,0,0,,,0,0,0,0,,0,,0,,0,0,,,,,0,0,0,0,0,,0,0,0,0,0,0,0,0.5940594,0,,0,0,0,,0,0,0,0,0,0,0,0,0,0,,0,0,0,0.1485149,0,0,0,0,,0
LPC26,1,3,2017,317,39,0.04926108,0.004926108,0.09852216,0.04926108,0,,0.004926108,,,0,,0,,0,,0,0,,,0,0,0,0,,0,,0,,0,0.004926108,,,,,0,0,0,0,0,,0,0,0,0,0,0,0,0.591133,0,,0,0,0,,0,0,0,0,0,0,0,0,0,0,,0,0,0.1970443,0,0,0,0,0,,0
LPC27,1,3,2017,317,42,0.04950495,0.004950495,0.0990099,0,0,,0,,,0,,0,,0,,0,0,,,0,0,0,0,,0,,0,,0,0.004950495,,,,,0,0,0,0,0,,0,0,0,0,0,0,0,0.6930693,0,,0,0,0,,0,0,0,0,0,0,0,0,0,0,,0,0,0,0.1485149,0,0,0,0,,0
LPC28,1,3,2017,317,44,0.004524887,0.09049774,0.09049774,0,0,,0,,,0,,0,,0,,0,0,,,0,0,0,0,,0,,0,,0,0,,,,,0,0,0,0,0,,0,0,0,0,0,0,0,0.8144796,0,,0,0,0,,0,0,0,0,0,0,0,0,0,0,,0,0,0,0,0,0,0,0,,0
LPC29,1,3,2017,317,53,0.004310345,0.004310345,0.0862069,0,0,,0,,,0,,0,,0,,0,0,,,0,0,0,0,,0,,0,,0,0.1293103,,,,,0,0,0,0,0,,0,0,0,0,0,0,0,0.7758621,0,,0,0,0,,0,0,0,0,0,0,0,0,0,0,,0,0,0,0,0,0,0,0,,0
LPC30,1,3,2017,317,49,0.1492537,0.004975124,0.04975124,0,0,,0,,,0,,0,,0,,0,0,,,0,0,0,0,,0,,0,,0,0,,,,,0,0,0,0,0,,0,0,0,0,0,0,0,0.7960199,0,,0,0,0,,0,0,0,0,0,0,0,0,0,0,,0,0,0,0,0,0,0,0,,0
LPC31,1,3,2017,317,46,0.05,0.05,0.05,0,0,,0,,,0,,0,,0,,0,0,,,0,0,0,0,,0,,0,,0,0,,,,,0,0,0,0,0,,0,0,0,0,0,0,0,0.8,0,,0,0,0,,0,0,0,0,0,0,0,0,0,0,,0,0,0,0.05,0,0,0,0,,0
LPC32,1,3,2017,317,40,0.004950495,0.0990099,0.1485149,0,0,,0,,,0,,0,,0,,0,0,,,0,0,0,0,,0,,0,,0,0.004950495,,,,,0,0,0,0,0,,0,0,0,0,0,0,0,0.7425743,0,,0,0,0,,0,0,0,0,0,0,0,0,0,0,,0,0,0,0,0,0,0,0,,0
LPC33,1,3,2017,317,32,0.04975124,0.04975124,0.04975124,0,0,,0,,,0,,0,,0,,0,0,,,0,0,0,0,,0,,0,,0,0,,,,,0,0,0,0,0,,0,0,0,0,0,0,0,0.6965174,0,,0,0,0,,0,0,0,0.004975124,0,0,0,0,0,0,,0,0,0,0.1492537,0,0,0,0,,0
LPC34,1,3,2017,317,61,0.3755869,0.04694836,0.04694836,0,0,,0,,,0,,0,,0,,0,0,,,0,0,0,0.004694836,,0,,0,,0,0.004694836,,,,,0,0,0,0,0,,0,0,0,0,0,0,0,0.4694836,0,,0,0,0,,0,0,0,0,0,0,0,0,0,0,,0,0,0,0,0,0.004694836,0.04694836,0,,0
LPC35,1,3,2017,317,54,0.04950495,0.004950495,0.04950495,0,0,,0,,,0,,0,,0,,0,0,,,0,0,0,0,,0,,0,,0,0.004950495,,,,,0,0,0,0,0,,0,0,0,0,0,0,0,0.8910891,0,,0,0,0,,0,0,0,0,0,0,0,0,0,0,,0,0,0,0,0,0,0,0,,0
LPC36,1,3,2017,317,45,0.004950495,0.004950495,0.0990099,0,0,,0,,,0,,0,,0,,0,0,,,0,0,0,0,,0,,0,,0,0,,,,,0,0,0,0,0,,0,0,0,0,0,0,0,0.8910891,0,,0,0,0,,0,0,0,0,0,0,0,0,0,0,,0,0,0,0,0,0,0,0,,0
LPC37,1,3,2017,317,46,0.04975124,0.004975124,0.04975124,0,0,,0,,,0,,0,,0,,0,0,,,0,0,0,0,,0,,0,,0,0,,,,,0,0,0,0,0,,0,0,0,0,0,0,0,0.8955224,0,,0,0,0,,0,0,0,0,0,0,0,0,0,0,,0,0,0,0,0,0,0,0,,0
LPC38,1,3,2017,317,53,0.04975124,0.004975124,0.04975124,0,0,,0,,,0,,0,,0,,0,0,,,0,0,0,0,,0,,0,,0,0,,,,,0,0,0,0,0,,0,0,0,0,0,0,0,0.8955224,0,,0,0,0,,0,0,0,0,0,0,0,0,0,0,,0,0,0,0,0,0,0,0,,0
LPC39,1,3,2017,317,28,0.04950495,0.004950495,0.04950495,0,0,,0,,,0,,0,,0,,0,0,,,0,0,0,0,,0,,0,,0,0.004950495,,,,,0,0,0,0,0,,0,0,0,0,0,0,0,0.7920792,0,,0,0,0,,0,0,0,0,0,0,0,0,0,0,,0,0,0,0.0990099,0,0,0,0,,0
LPC40,1,3,2017,317,33,0.04950495,0.004950495,0.04950495,0,0,,0,,,0,,0,,0,,0,0,,,0,0,0,0,,0,,0,,0,0.004950495,,,,,0,0,0,0,0,,0,0,0,0,0,0,0,0.8910891,0,,0,0,0,,0,0,0,0,0,0,0,0,0,0,,0,0,0,0,0,0,0,0,,0
LPT05,1,4,2017,417,65,0.2955665,0.09852216,0.004926108,0,0,,0,,,0,,0,,0,,0,0,,,0,0,0,0,,0.004926108,,0,,0,0.591133,,,,,0,0,0,0,0,,0,0,0,0,0,0,0,0,0,,0,0,0,,0,0,0,0,0,0,0,0,0,0,,0,0,0,0.004926108,0,0,0,0,,0
LPT06,1,4,2017,417,43,0.004504505,0.2702703,0.004504505,0,0,,0,,,0,,0,,0,,0,0,,,0,0,0,0,,0,,0,,0,0.7207207,,,,,0,0,0,0,0,,0,0,0,0,0,0,0,0,0,,0,0,0,,0,0,0,0,0,0,0,0,0,0,,0,0,0,0,0,0,0,0,,0
LPT07,1,4,2017,417,43.5,0.1980198,0.1980198,0,0,0,,0,,,0,,0,,0,,0,0,,,0,0,0,0,,0,,0,,0,0.5940594,,,,,0,0,0,0,0,,0,0,0,0,0,0,0,0,0,,0,0,0,,0,0,0,0,0,0,0,0,0,0,,0,0,0,0.004950495,0,0,0.004950495,0,,0
LPT08,1,4,2017,417,45,0.3791469,0.1895735,0.004739337,0,0,,0,,,0,,0,,0,,0,0,,,0,0,0,0,,0,,0,,0,0.2843602,,,,,0,0,0,0,0,,0,0,0,0,0,0,0,0,0,,0,0,0,,0,0,0,0,0,0,0,0,0,0,,0,0,0,0.1421801,0,0,0,0,,0
LPT09,1,4,2017,417,49,0.6896552,0.1970443,0.004926108,0,0,,0,,,0,,0,,0,,0,0,,,0,0,0,0,,0,,0,,0,0.09852216,,,,,0,0,0,0,0,,0.004926108,0,0.004926108,0,0,0,0,0,0,,0,0,0,,0,0,0,0,0,0,0,0,0,0,,0,0,0,0,0,0,0,0,,0
LPT10,1,4,2017,417,60,0.5882353,0.09803922,0,0,0,,0,,,0,,0,,0,,0,0,,,0,0,0,0.004901961,,0,,0,,0,0.2941177,,,,,0,0,0,0,0,,0.004901961,0,0.004901961,0,0,0,0,0,0,,0,0,0,,0,0,0,0,0,0,0,0,0,0,,0,0,0,0,0,0,0.004901961,0,,0
LPT11,1,4,2017,417,58,0.1908397,0.03816794,0.2290076,0,0,,0,,,0,,0,,0,,0,0,,,0,0,0,0,,0,,0,,0,0.5343512,,,,,0,0,0,0,0,,0,0,0,0,0,0,0,0,0,,0,0,0,,0,0,0,0,0,0,0,0,0,0,,0,0,0,0.003816794,0,0,0.003816794,0,,0
LPT12,1,4,2017,417,46.5,0.5381166,0.1345291,0.004484305,0,0,,0,,,0,,0,,0,,0,0,,,0,0,0,0,,0,,0,,0,0.2690583,,,,,0,0,0,0,0,,0,0,0,0,0,0,0,0,0,,0,0,0,,0,0,0,0,0,0,0,0,0,0,,0,0,0,0.004484305,0,0.004484305,0.04484305,0,,0
LPT13,1,4,2017,417,43,0.4545455,0.2727273,0,0,0,,0,,,0,,0,,0,,0,0,,,0,0,0,0,,0,,0,,0,0.2727273,,,,,0,0,0,0,0,,0,0,0,0,0,0,0,0,0,,0,0,0,,0,0,0,0,0,0,0,0,0,0,,0,0,0,0,0,0,0,0,,0
LPT14,1,4,2017,417,43.5,0.1477832,0.04926108,0.004926108,0,0,,0,,,0,,0,,0,,0,0,,,0,0,0,0,,0.004926108,,0,,0,0.7881773,,,,,0,0,0,0,0,,0,0,0,0,0,0,0,0,0,,0,0,0,,0,0.004926108,0,0,0,0,0,0,0,0,,0,0,0,0,0,0,0,0,,0
LPT15,1,4,2017,417,44.5,0.8411215,0.09345794,0.004672897,0,0,,0,,,0,,0,,0,,0,0,,,0,0,0,0,,0.004672897,,0,,0,0.04672897,,,,,0,0,0,0,0,,0,0,0,0,0,0,0,0,0,,0,0,0,,0,0,0,0,0,0,0,0,0,0,,0,0,0,0,0,0.004672897,0.004672897,0,,0
LPT16,1,4,2017,417,42,0.7389163,0.1477832,0.04926108,0,0,,0,,,0,,0,,0,,0,0,,,0,0,0,0,,0,,0,,0,0.04926108,,,,,0,0,0,0,0,,0,0,0,0.004926108,0,0,0,0,0,,0,0,0,,0,0,0,0,0,0,0,0,0,0,,0,0,0,0,0,0,0.004926108,0.004926108,,0
LPT17,1,4,2017,417,62,0.5106383,0.08510638,0.004255319,0,0,,0,,,0,,0,,0,,0,0,,,0,0,0,0.004255319,,0,,0,,0,0.2553191,,,,,0,0,0,0,0,,0.004255319,0.004255319,0.08510638,0,0,0,0,0,0,,0,0,0,,0,0,0,0,0,0,0,0.04255319,0,0,,0,0,0,0.004255319,0,0,0,0,,0
LPT18,1,4,2017,417,55,0.9708738,0.004854369,0.004854369,0,0,,0,,,0,,0,,0,,0,0,,,0,0,0,0,,0,,0,,0,0.004854369,,,,,0,0,0,0,0,,0,0,0.004854369,0,0,0,0,0,0,,0,0,0,,0,0,0,0,0,0,0,0,0,0,,0,0,0,0.004854369,0,0.004854369,0,0,,0
LPT19,1,4,2017,417,52,0.3319502,0.08298755,0.3319502,0,0,,0,,,0,,0,,0,,0,0,,,0,0,0,0,,0,,0,,0,0.2489627,,,,,0,0,0,0,0,,0,0,0,0,0,0,0,0,0,,0,0,0,,0,0,0,0,0,0,0,0,0,0,,0,0,0,0,0,0.004149378,0,0,,0
LPT20,1,4,2017,417,43,0.7425743,0.04950495,0.1980198,0,0,,0,,,0,,0,,0,,0,0,,,0,0,0,0,,0,,0,,0,0,,,,,0,0,0,0,0,,0,0,0.004950495,0,0,0,0,0,0,,0,0,0,,0,0,0,0,0,0,0,0,0,0,,0,0,0,0.004950495,0,0,0,0,,0
LPT41,1,4,2017,417,43,0.9,0.05,0.05,0,0,,0,,,0,,0,,0,,0,0,,,0,0,0,0,,0,,0,,0,0,,,,,0,0,0,0,0,,0,0,0,0,0,0,0,0,0,,0,0,0,,0,0,0,0,0,0,0,0,0,0,,0,0,0,0,0,0,0,0,,0
LPT42,1,4,2017,417,55,0.1886792,0.004716981,0.04716981,0,0,,0,,,0,,0,,0,,0,0,,,0,0,0,0,,0,,0,,0,0.754717,,,,,0,0,0,0,0,,0,0,0,0,0,0,0,0,0,,0,0,0,,0,0,0,0,0,0,0,0,0,0,,0,0,0,0,0,0,0.004716981,0,,0
LPT43,1,4,2017,417,50,0.0990099,0.004950495,0.004950495,0,0,,0,,,0,,0,,0,,0,0,,,0,0,0,0,,0,,0,,0,0.8910891,,,,,0,0,0,0,0,,0,0,0,0,0,0,0,0,0,,0,0,0,,0,0,0,0,0,0,0,0,0,0,,0,0,0,0,0,0,0,0,,0
LPT44,1,4,2017,417,61.5,0.6862745,0.004901961,0.004901961,0,0,,0,,,0,,0,,0,,0,0,,,0,0,0,0,,0,,0,,0,0.2941177,,,,,0,0,0,0,0,,0,0,0.004901961,0,0,0,0,0,0,,0,0,0,,0,0,0,0,0,0,0,0,0,0,,0,0,0,0.004901961,0,0,0,0,,0
RPC02,2,3,2017,317,53.5,0.04950495,0.004950495,0.04950495,0,0,,0,,,0,,0,,0,,0,0,,,0,0,0,0,,0,,0,,0,0,,,,,0,0,0,0,0,,0,0,0,0,0,0,0,0.8910891,0,,0,0,0,,0,0,0.004950495,0,0,0,0,0,0,0,,0,0,0,0,0,0,0,0,,0
RPC03,2,3,2017,317,49,0.0862069,0.004310345,0.04310345,0,0,,0,,,0,,0,,0,,0,0,,,0,0,0,0,,0,,0,,0,0.2586207,,,,,0,0,0,0,0,,0,0,0,0,0,0,0,0.6034483,0,,0,0,0,,0,0,0,0,0,0,0,0,0,0,,0,0,0,0.004310345,0,0,0,0,,0
RPC04,2,3,2017,317,29,0.04149378,0.04149378,0.04149378,0,0,,0,,,0,,0,,0,,0,0,,,0,0,0,0,,0,,0,,0,0.1659751,,,,,0,0,0,0,0,,0,0,0,0,0,0,0,0.5809129,0,,0,0,0,,0,0,0,0,0,0,0,0,0,0.004149378,,0,0,0,0.1244813,0,0,0,0,,0
RPC05,2,3,2017,317,37,0.1415094,0.004716981,0.004716981,0,0,,0,,,0,,0,,0,,0,0,,,0,0,0,0,,0,,0,,0,0.5660377,,,,,0,0,0,0,0,,0,0,0,0,0,0,0,0.2830189,0,,0,0,0,,0,0,0,0,0,0,0,0,0,0,,0,0,0,0,0,0,0,0,,0
RPC06,2,3,2017,317,42,0.04950495,0.004950495,0.04950495,0,0,,0,,,0,,0,,0,,0,0,,,0,0,0,0,,0,,0,,0,0,,,,,0,0,0,0,0,,0,0,0,0,0,0,0,0.7920792,0,,0,0,0,,0,0,0.004950495,0,0,0,0,0,0,0,,0,0,0.0990099,0,0,0,0,0,,0
RPC07,2,3,2017,317,46,0.08928572,0.004464286,0.04464286,0.08928572,0,,0,,,0,,0,,0,,0,0,,,0,0,0,0,,0,,0,,0,0.1339286,,,,,0,0,0,0,0,,0,0,0,0,0,0,0,0.625,0,,0,0,0,,0,0.004464286,0,0,0,0.004464286,0,0,0,0,,0,0,0,0,0,0,0,0,,0.004464286
RPC08,2,3,2017,317,45,0.1395349,0.04651163,0.04651163,0.004651163,0,,0.004651163,,,0.004651163,,0,,0.1395349,,0,0,,,0,0,0,0,,0,,0,,0,0.04651163,,,,,0,0,0,0,0,,0,0,0,0,0,0,0,0.5581396,0,,0,0,0,,0,0.004651163,0,0,0,0,0,0,0,0,,0,0.004651163,0,0,0,0,0,0,,0
RPC09,2,3,2017,317,37,0.0862069,0.004310345,0.04310345,0,0,,0.0862069,,,0,,0,,0,,0,0,,,0,0.004310345,0,0,,0,,0,,0,0.1724138,,,,,0,0,0,0,0,,0,0,0,0,0,0,0,0.6034483,0,,0,0,0,,0,0,0,0,0,0,0,0,0,0,,0,0,0,0,0,0,0,0,,0
RPC10,2,3,2017,317,41,0.2843602,0.04739337,0.04739337,0.004739337,0.004739337,,0.004739337,,,0.004739337,,0,,0,,0,0,,,0,0.004739337,0,0,,0,,0,,0,0.004739337,,,,,0,0,0,0,0,,0,0,0,0,0,0,0,0.5687204,0.004739337,,0,0,0,,0,0.004739337,0,0,0,0,0,0,0,0,,0,0,0,0.004739337,0,0.004739337,0,0,,0.004739337
RPC11,2,3,2017,317,46,0.08163265,0.04081633,0.04081633,0,0,,0,,,0.004081632,,0,,0,,0,0,,,0,0.004081632,0,0,,0,,0,,0,0.1632653,,,,,0,0,0,0,0,,0,0,0,0,0,0,0,0.6530612,0.004081632,,0,0,0,,0,0.004081632,0,0,0,0,0,0,0,0,,0,0,0,0,0,0,0,0,,0.004081632
RPC12,2,3,2017,317,42,0.2564103,0.08547009,0.004273504,0,0,,0.08547009,,,0,,0,,0,,0,0,,,0,0.004273504,0,0,,0,,0,,0,0.1282051,,,,,0.004273504,0,0,0,0,,0,0,0,0,0,0,0,0.4273504,0,,0,0,0,,0,0,0,0,0,0,0,0,0,0,,0,0,0,0,0,0,0,0,,0.004273504
RPC13,2,3,2017,317,42,0.06872852,0.003436426,0.03436426,0,0,,0,,,0,,0,,0,,0,0,,,0,0,0,0,,0,,0,,0,0.3436426,,,,,0,0,0,0,0,,0,0,0,0,0,0,0,0.5498282,0,,0,0,0,,0,0,0,0,0,0,0,0,0,0,,0,0,0,0,0,0,0,0,,0
RPC14,2,3,2017,317,36,0.1234568,0.004115226,0.04115226,0,0,,0,,,0,,0,,0,,0,0,,,0,0.004115226,0,0,,0,,0,,0,0.1646091,,,,,0,0,0,0,0,,0,0,0,0,0,0,0,0.6584362,0.004115226,,0,0,0,,0,0,0,0,0,0,0,0,0,0,,0,0,0,0,0,0,0,0,,0
RPC15,2,3,2017,317,14.5,0.0990099,0.04950495,0.04950495,0.004950495,0.004950495,,0,,,0,,0,,0,,0,0,,,0,0,0,0,,0,,0,,0,0,,,,,0,0,0,0,0,,0,0,0,0,0,0,0,0.7920792,0,,0,0,0,,0,0,0,0,0,0,0,0,0,0,,0,0,0,0,0,0,0,0,,0
RPC16,2,4,2017,417,25,0.4926108,0.04926108,0.2463054,0.004926108,0.004926108,,0,,,0,,0,,0,,0,0,,,0,0,0,0,,0,,0,,0,0.1970443,,,,,0,0,0,0,0,,0,0,0,0,0,0,0,0,0,,0,0,0,,0,0,0,0,0,0,0,0,0,0,,0,0,0,0.004926108,0,0,0,0,,0
RPC17,2,3,2017,317,49.5,0.08695652,0.04347826,0.04347826,0,0,,0,,,0,,0,,0,,0,0,,,0,0,0,0,,0,,0,,0,0.2608696,,,,,0,0,0,0,0,,0,0,0,0,0,0,0,0.3478261,0,,0,0,0,,0,0,0,0,0,0,0,0,0,0,,0,0,0,0.2173913,0,0,0,0,,0
RPC18,2,3,2017,317,39,0.03831417,0.003831418,0.03831417,0,0,,0,,,0,,0,,0,,0,0,,,0,0,0,0,,0,,0,,0,0.2298851,,,,,0,0,0,0,0,,0,0,0,0,0,0,0,0.6130268,0,,0,0,0,,0,0,0,0,0,0,0,0,0,0,,0,0,0.07662835,0,0,0,0,0,,0
RPC19,2,3,2017,317,48,0.03703704,0.03703704,0.03703704,0,0,,0,,,0,,0,,0,,0,0,,,0,0,0,0,,0,,0,,0,0.2962963,,,,,0,0,0,0,0,,0,0,0,0,0,0,0,0.5555556,0,,0,0,0,,0,0,0,0,0,0,0,0,0,0,,0,0,0,0.03703704,0,0,0,0,,0
RPC20,2,3,2017,317,40,0.03984064,0.003984064,0.03984064,0,0,,0,,,0,,0,,0,,0,0,,,0,0,0,0.2390438,,0,,0,,0,0,,,,,0,0,0,0,0,,0,0,0,0,0,0,0,0.6374502,0,,0,0,0,,0,0,0,0,0,0,0,0,0,0,,0,0,0,0.03984064,0,0,0,0,,0
RPC41,2,3,2017,317,79,0.1459854,0.0729927,0.003649635,0,0,,0,,,0,,0,,0,,0,0.003649635,,,0,0,0,0,,0,,0,,0,0.1824818,,,,,0,0,0.003649635,0,0,,0,0,0,0,0,0.0729927,0,0.1824818,0,,0,0,0,,0,0,0,0,0,0,0,0,0,0,,0,0,0,0.2919708,0,0,0,0.003649635,,0.03649635
RPT21,2,4,2017,417,62,0.04329005,0.04329005,0.1298701,0,0,,0,,,0,,0,,0,,0,0,,,0,0,0,0,,0,,0,,0,0.7792208,,,,,0,0,0.004329004,0,0,,0,0,0,0,0,0,0,0,0,,0,0,0,,0,0,0,0,0,0,0,0,0,0,,0,0,0,0,0,0,0,0,,0
RPT22,2,4,2017,417,52,0.1659751,0.004149378,0.08298755,0,0,,0,,,0,,0,,0,,0,0,,,0,0,0,0,,0,,0,,0,0.746888,,,,,0,0,0,0,0,,0,0,0,0,0,0,0,0,0,,0,0,0,,0,0,0,0,0,0,0,0,0,0,,0,0,0,0,0,0,0,0,,0
RPT23,2,4,2017,417,55,0.08333334,0.04166667,0.125,0,0,,0,,,0,,0,,0,,0,0,,,0,0,0,0,,0,,0,,0,0.75,,,,,0,0,0,0,0,,0,0,0,0,0,0,0,0,0,,0,0,0,,0,0,0,0,0,0,0,0,0,0,,0,0,0,0,0,0,0,0,,0
RPT24,2,4,2017,417,49,0.24,0.08,0.08,0,0,,0,,,0,,0,,0,,0,0,,,0,0,0,0,,0,,0,,0,0.6,,,,,0,0,0,0,0,,0,0,0,0,0,0,0,0,0,,0,0,0,,0,0,0,0,0,0,0,0,0,0,,0,0,0,0,0,0,0,0,,0
RPT25,2,4,2017,417,45,0.5970149,0.09950249,0.2985075,0,0,,0,,,0,,0,,0,,0,0,,,0,0,0,0,,0,,0,,0,0.004975124,,,,,0,0,0,0,0,,0,0,0,0,0,0,0,0,0,,0,0,0,,0,0,0,0,0,0,0,0,0,0,,0,0,0,0,0,0,0,0,,0
RPT26,2,4,2017,417,65.5,0.4545455,0.04545455,0.1818182,0,0,,0,,,0,,0,,0,,0,0,,,0,0,0,0,,0,,0,,0,0.2727273,,,,,0,0,0,0,0,,0,0,0,0,0,0,0,0,0,,0,0,0,,0,0,0,0,0,0,0,0,0,0,,0,0,0,0.04545455,0,0,0,0,,0
RPT27,2,4,2017,417,57.5,0.7582939,0.1895735,0.004739337,0,0,,0,,,0,,0,,0,,0,0,,,0,0,0,0.04739337,,0,,0,,0,0,,,,,0,0,0,0,0,,0,0,0,0,0,0,0,0,0,,0,0,0,,0,0,0,0,0,0,0,0,0,0,,0,0,0,0,0,0,0,0,,0
RPT28,2,4,2017,417,35,0.2714932,0.1809955,0.09049774,0,0,,0,,,0,,0,,0,,0,0,,,0,0,0,0,,0,,0,,0,0.4524887,,,,,0,0,0,0,0,,0,0,0,0,0,0,0,0,0.004524887,,0,0,0,,0,0,0,0,0,0,0,0,0,0,,0,0,0,0,0,0,0,0,,0
RPT29,2,4,2017,417,45,0.1731602,0.08658009,0.08658009,0,0,,0,,,0,,0,,0,,0,0,,,0,0,0,0,,0,,0,,0,0.6493506,,,,,0,0,0,0,0,,0,0,0,0,0,0,0,0,0,,0,0,0,,0,0,0,0,0,0,0,0,0,0,,0,0,0,0.004329004,0,0,0,0,,0
RPT30,2,4,2017,417,46,0.09049774,0.004524887,0.1809955,0,0,,0,,,0,,0,,0,,0,0,,,0,0,0,0,,0,,0,,0,0.7239819,,,,,0,0,0,0,0,,0,0,0,0,0,0,0,0,0,,0,0,0,,0,0,0,0,0,0,0,0,0,0,,0,0,0,0,0,0,0,0,,0
RPT31,2,4,2017,417,38,0.1818182,0.04545455,0.1363636,0,0,,0,,,0,,0,,0,,0,0,,,0,0,0,0,,0,,0,,0,0.6363636,,,,,0,0,0,0,0,,0,0,0,0,0,0,0,0,0,,0,0,0,,0,0,0,0,0,0,0,0,0,0,,0,0,0,0,0,0,0,0,,0
RPT32,2,4,2017,417,39,0.3162055,0.003952569,0.1581028,0,0,,0,,,0,,0,,0,,0,0,,,0,0,0,0,,0,,0.1185771,,0,0.3952569,,,,,0,0,0,0.003952569,0,,0,0,0,0,0,0,0,0,0,,0,0,0,,0,0,0,0,0,0,0,0,0,0,,0,0,0,0,0,0.003952569,0,0,,0
RPT33,2,4,2017,417,46,0.7960199,0.04975124,0.1492537,0,0,,0,,,0,,0,,0,,0,0,,,0,0,0,0,,0,,0,,0,0.004975124,,,,,0,0,0,0,0,,0,0,0,0,0,0,0,0,0,,0,0,0,,0,0,0,0,0,0,0,0,0,0,,0,0,0,0,0,0,0,0,,0
RPT34,2,4,2017,417,28.5,0.5577689,0.07968128,0.1593626,0,0,,0,,,0,,0,,0,,0,0,,,0,0,0,0,,0,,0.1992032,,0,0,,,,,0,0,0,0,0,,0,0,0,0,0,0,0,0,0,,0,0,0,,0,0.003984064,0,0,0,0,0,0,0,0,,0,0,0,0,0,0,0,0,,0
RPT35,2,4,2017,417,48,0.6965174,0.004975124,0.2985075,0,0,,0,,,0,,0,,0,,0,0,,,0,0,0,0,,0,,0,,0,0,,,,,0,0,0,0,0,,0,0,0,0,0,0,0,0,0,,0,0,0,,0,0,0,0,0,0,0,0,0,0,,0,0,0,0,0,0,0,0,,0
RPT36,2,4,2017,417,44,0.6965174,0.04975124,0.2487562,0,0,,0,,,0,,0,,0,,0,0,,,0,0,0,0,,0,,0,,0,0.004975124,,,,,0,0,0,0,0,,0,0,0,0,0,0,0,0,0,,0,0,0,,0,0,0,0,0,0,0,0,0,0,,0,0,0,0,0,0,0,0,,0
RPT37,2,4,2017,417,41,0.7352941,0.004901961,0.245098,0,0,,0,,,0,,0,,0,,0,0,,,0,0,0,0,,0.004901961,,0,,0,0,,,,,0,0,0,0,0,,0,0,0,0,0,0,0,0,0,,0,0,0,,0,0,0.004901961,0,0,0,0,0,0,0,,0,0,0,0,0,0,0.004901961,0,,0
RPT38,2,4,2017,417,48,0.7109005,0.004739337,0.2369668,0,0,,0,,,0,,0,,0,,0,0,,,0,0,0,0,,0,,0,,0,0.04739337,,,,,0,0,0,0,0,,0,0,0,0,0,0,0,0,0,,0,0,0,,0,0,0,0,0,0,0,0,0,0,,0,0,0,0,0,0,0,0,,0
RPT39,2,4,2017,417,42.5,0.7042254,0.04694836,0.1877934,0,0,,0,,,0,,0,,0,,0,0,,,0,0,0,0,,0.004694836,,0,,0,0.04694836,,,,,0,0,0,0,0,,0,0,0,0,0,0,0,0.004694836,0,,0,0,0,,0,0,0,0,0,0,0,0,0,0,,0,0.004694836,0,0,0,0,0,0,,0
RPT40,2,4,2017,417,44,0.3636364,0.04545455,0.1363636,0,0,,0,,,0,,0,,0,,0,0,,,0,0,0,0,,0,,0,,0,0.4545455,,,,,0,0,0,0,0,,0,0,0,0,0,0,0,0,0,,0,0,0,,0,0,0,0,0,0,0,0,0,0,,0,0,0,0,0,0,0,0,,0
LPC21,1,3,2018,318,60,0.150000006,0,0.150000006,0,0,,0,,,0,,0,,0,,0,0,,,0,0,0,0,,0,,0,,0,0.050000001,,,,,0,0,0,0,0,,0,0,0,0,0,0,0,0.600000024,0,,0,0,0,,0,0,0,0,0,0,0,0,0,0,,0,0.050000001,0,0,0,0,0,0,,0
LPC22,1,3,2018,318,63,0.049950052,0,0.099900104,0,0,,0,,,0,,0,,0,,0,0,,,0,0,0,0,,0,,0,,0,0.0004995,,,,,0,0,0.0004995,0,0,,0,0,0,0,0,0,0,0.799200833,0,,0,0,0,,0,0,0,0,0,0,0,0,0,0,,0,0.049950052,0,0,0,0,0,0,,0
LPC23,1,3,2018,318,52,0.049950048,0,0.149850145,0,0,,0,,,0,,0,,0,,0,0,,,0,0,0,0,,0,,0,,0,0.0004995,,,,,0,0,0,0,0,,0,0,0,0,0,0,0,0.799200773,0,,0,0,0,,0,0,0,0,0,0,0,0,0,0,,0,0,0,0,0,0,0.0004995,0,,0
LPC24,1,3,2018,318,44,0.049975011,0,0.249875054,0,0,,0,,,0,,0,,0,,0,0,,,0,0,0,0,,0,,0,,0,0.00049975,,,,,0,0,0,0,0,,0,0,0,0,0,0,0,0.699650168,0,,0,0,0,,0,0,0,0,0,0,0,0,0,0,,0,0,0,0,0,0,0,0,,0
LPC25,1,3,2018,318,27,0.049950048,0,0.049950048,0,0,,0.0004995,,,0,,0,,0,,0,0,,,0,0,0,0,,0,,0,,0,0,,,,,0,0,0,0,0,,0,0,0,0,0,0,0,0.89910084,0,,0,0,0,,0,0,0,0,0,0,0,0,0,0,,0,0.0004995,0,0,0,0,0,0,,0
LPC26,1,3,2018,318,52,0.050000001,0,0.100000001,0.050000001,0,,0,,,0,,0,,0,,0,0,,,0,0,0,0,,0,,0,,0,0,,,,,0,0,0,0,0,,0,0,0,0,0,0,0,0.699999988,0,,0,0,0,,0,0,0,0,0,0,0,0,0,0,,0,0.100000001,0,0,0,0,0,0,,0
LPC27,1,3,2018,318,50,0.04759638,0,0.09519276,0,0,,0,,,0,,0,,0,,0,0,,,0,0,0,0,,0,,0,,0,0.000475964,,,,,0,0,0,0,0,,0,0,0,0,0,0,0,0.571156561,0,,0,0,0,,0,0,0,0,0,0,0,0,0,0,,0,0.285578281,0,0,0,0,0,0,,0
LPC28,1,3,2018,318,54,0.105263159,0,0.052631579,0,0,,0,,,0,,0,,0,,0,0,,,0,0,0,0,,0,,0,,0,0,,,,,0,0,0,0,0,,0,0,0,0,0,0,0,0.842105269,0,,0,0,0,,0,0,0,0,0,0,0,0,0,0,,0,0,0,0,0,0,0,0,,0
LPC29,1,3,2018,318,61,0.099950023,0,0.099950023,0,0,,0,,,0,,0,,0,,0,0,,,0,0,0,0,,0,,0,,0,0.00049975,,,,,0,0,0,0,0,,0,0,0,0,0,0,0,0.799600184,0,,0,0,0,,0,0,0,0,0,0,0,0,0,0,,0,0,0,0,0,0,0,0,,0
LPC30,1,3,2018,318,41,0.00049975,0,0.199900046,0,0,,0,,,0,,0,,0,,0,0,,,0,0,0,0,,0,,0,,0,0,,,,,0,0,0,0,0,,0,0,0,0,0,0,0,0.799600184,0,,0,0,0,,0,0,0,0,0,0,0,0,0,0,,0,0,0,0,0,0,0,0,,0
LPC31,1,3,2018,318,36,0.0004995,0,0.099900097,0,0,,0,,,0,,0,,0,,0,0,,,0,0,0,0,,0,,0,,0,0,,,,,0,0,0,0,0,,0,0,0,0,0,0,0,0.89910084,0,,0,0,0,,0,0,0,0,0,0,0,0,0,0,,0,0,0,0,0,0.0004995,0,0,,0
LPC32,1,3,2018,318,46,0,0,0.100000001,0,0,,0,,,0,,0,,0,,0,0,,,0,0,0,0,,0,,0,,0,0,,,,,0,0,0,0,0,,0,0,0,0,0,0,0,0.899999976,0,,0,0,0,,0,0,0,0,0,0,0,0,0,0,,0,0,0,0,0,0,0,0,,0
LPC33,1,3,2018,318,34,0.0004995,0,0.099900104,0,0,,0,,,0,,0.0004995,,0,,0,0,,,0,0,0,0,,0,,0,,0,0,,,,,0,0,0,0,0,,0,0,0,0,0,0,0,0.799200833,0,,0,0,0,,0,0,0,0,0,0,0,0,0,0,,0,0.099900104,0,0,0,0,0,0,,0
LPC34,1,3,2018,318,44,0,0,0.00049975,0,0,,0,,,0,,0,,0,,0,0,,,0,0,0,0,,0,,0,,0,0,,,,,0,0,0,0,0,,0,0,0,0,0,0,0,0.999500215,0,,0,0,0,,0,0,0,0,0,0,0,0,0,0,,0,0,0,0,0,0,0,0,,0
LPC35,1,3,2018,318,43,0,0,0.047619049,0,0,,0,,,0,,0,,0,,0,0,,,0,0,0,0,,0,,0,,0,0,,,,,0,0,0,0,0,,0,0,0,0,0,0,0,0.952380955,0,,0,0,0,,0,0,0,0,0,0,0,0,0,0,,0,0,0,0,0,0,0,0,,0
LPC36,1,3,2018,318,45,0.00049975,0,0.099950023,0,0,,0,,,0,,0,,0,,0,0,,,0,0,0,0,,0,,0,,0,0,,,,,0,0,0,0,0,,0,0,0,0,0,0,0,0.8995502,0,,0,0,0,,0,0,0,0,0,0,0,0,0,0,,0,0,0,0,0,0,0,0,,0
LPC37,1,3,2018,318,40,0,0,0.00049975,0,0,,0,,,0,,0,,0,,0,0,,,0,0,0,0,,0,,0,,0,0,,,,,0,0,0,0,0,,0,0,0,0,0,0,0,0.999500215,0,,0,0,0,,0,0,0,0,0,0,0,0,0,0,,0,0,0,0,0,0,0,0,,0
LPC38,1,3,2018,318,35,0.00049975,0,0.099950023,0,0,,0,,,0,,0,,0,,0,0,,,0,0,0,0,,0,,0,,0,0,,,,,0,0,0,0,0,,0,0,0,0,0,0,0,0.8995502,0,,0,0,0,,0,0,0,0,0,0,0,0,0,0,,0,0,0,0,0,0,0,0,,0
LPC39,1,3,2018,318,20,0.0004995,0,0.099900097,0,0,,0,,,0,,0,,0,,0,0,,,0,0,0,0,,0,,0,,0,0,,,,,0,0,0,0,0,,0,0,0,0,0,0,0,0.89910084,0,,0,0,0,,0,0,0,0,0,0,0,0,0,0,,0,0.0004995,0,0,0,0,0,0,,0
LPC40,1,3,2018,318,35,0,0,0.00049975,0,0,,0,,,0,,0,,0,,0,0,,,0,0,0,0,,0,,0,,0,0,,,,,0,0,0,0,0,,0,0,0,0,0,0,0,0.999500215,0,,0,0,0,,0,0,0,0,0,0,0,0,0,0,,0,0,0,0,0,0,0,0,,0
LPT05,1,4,2018,418,43,0.000499002,0.000499002,0.000499002,0,0,,0,,,0,,0,,0,,0,0,,,0,0,0,0,,0.000499002,,0,,0,0.998004019,,,,,0,0,0,0,0,,0,0,0,0,0,0,0,0,0,,0,0,0,,0,0,0,0,0,0,0,0,0,0,,0,0,0,0,0,0,0,0,,0
LPT06,1,4,2018,418,43,0.0004995,0.0004995,0,0,0,,0,,,0,,0,,0,,0,0,,,0,0,0,0,,0,,0,,0,0.999001026,,,,,0,0,0,0,0,,0,0,0,0,0,0,0,0,0,,0,0,0,,0,0,0,0,0,0,0,0,0,0,,0,0,0,0,0,0,0,0,,0
LPT07,1,4,2018,418,44,0.0004995,0.0004995,0,0,0,,0,,,0,,0,,0,,0,0,,,0,0,0,0,,0,,0,,0,0.699300706,,,,,0,0,0,0,0,,0,0,0,0,0,0,0,0,0,,0,0,0,,0,0,0,0,0,0,0,0,0,0,,0,0.29970029,0,0,0,0,0,0,,0
LPT08,1,4,2018,418,40,0.050000001,0.100000001,0,0,0,,0,,,0,,0,,0,,0,0,,,0,0,0,0,,0,,0,,0,0.5,,,,,0,0,0,0,0,,0,0,0,0,0,0,0,0,0,,0,0,0,,0,0,0,0,0,0,0,0,0,0,,0,0.300000012,0,0,0,0.050000001,0,0,,0
LPT09,1,4,2018,418,34,0.699650168,0,0.00049975,0,0,,0,,,0,,0,,0,,0,0,,,0,0,0,0,,0,,0,,0,0,,,,,0,0,0,0,0,,0,0,0,0,0,0,0,0,0,,0,0,0,,0,0,0,0,0,0,0,0,0,0,,0,0.299850076,0,0,0,0,0,0,,0
LPT10,1,4,2018,418,41,0.199900046,0,0,0,0,,0,,,0,,0,,0,,0,0,,,0,0,0,0,,0,,0,,0,0.00049975,,,,,0,0,0,0,0,,0,0,0.199900046,0,0,0,0,0,0,,0,0,0,,0,0,0,0,0,0,0,0,0,0,,0,0.599700153,0,0,0,0,0,0,,0
LPT11,1,4,2018,418,44,0.0004995,0.0004995,0,0,0,,0,,,0,,0,,0,,0,0,,,0,0,0,0,,0,,0,,0,0.999001026,,,,,0,0,0,0,0,,0,0,0,0,0,0,0,0,0,,0,0,0,,0,0,0,0,0,0,0,0,0,0,,0,0,0,0,0,0,0,0,,0
LPT12,1,4,2018,418,39,0.049975011,0.049975011,0,0,0,,0,,,0,,0,,0,,0,0,,,0,0,0,0,,0,,0,,0,0.8995502,,,,,0,0,0,0,0,,0,0,0,0,0,0,0,0,0,,0,0,0,,0,0,0,0,0,0,0,0,0,0,,0,0.00049975,0,0,0,0,0,0,,0
LPT13,1,4,2018,418,39,0.000499002,0.000499002,0,0,0,,0,,,0,,0,,0,,0,0,,,0,0,0,0,,0,,0,,0,0.898203552,,,,,0,0,0,0,0,,0,0,0,0,0,0,0.000499002,0.000499002,0,,0,0,0,,0,0,0,0,0,0,0.049900196,0,0,0,,0,0.049900196,0,0,0,0,0,0,,0
LPT14,1,4,2018,418,43,0.0004995,0,0.049950048,0,0,,0,,,0,,0,,0,,0,0,,,0,0,0,0,,0.149850145,,0,,0,0.699300647,,,,,0,0,0,0,0,,0,0,0,0,0,0,0,0.0004995,0,,0,0,0,,0,0.099900097,0,0,0,0,0,0,0,0,,0,0,0,0,0,0,0,0,,0
LPT15,1,4,2018,418,35,0.00049975,0.099950023,0,0,0,,0,,,0,,0,,0,,0,0,,,0,0,0,0,,0.049975011,,0,,0,0.599700153,,,,,0,0,0,0,0,,0,0,0,0,0,0,0,0,0,,0,0,0,,0,0,0,0,0,0,0,0,0,0,,0,0.249875054,0,0,0,0,0,0,,0
LPT16,1,4,2018,418,31,0.00049975,0.049975011,0,0,0,,0,,,0,,0,,0,,0,0,,,0,0,0,0,,0,,0,,0,0.699650168,,,,,0,0,0,0,0,,0,0,0,0,0,0,0,0,0,,0,0,0,,0,0,0,0,0,0,0,0,0,0,,0,0.249875054,0,0,0,0,0,0,,0
LPT17,1,4,2018,418,5,0.000499251,0.249625564,0.000499251,0,0,,0,,,0,,0,,0,,0,0,,,0,0,0,0,,0,,0,,0,0.000499251,,,,,0,0,0,0,0,,0,0,0,0,0,0,0,0.299550682,0,,0,0,0,,0,0.049925111,0,0,0,0,0,0,0,0,,0,0.39940089,0,0,0,0,0,0,,0
LPT18,1,4,2018,418,40,0.099950023,0.00049975,0,0,0,,0,,,0,,0,,0,,0,0,,,0,0,0,0,,0,,0,,0,0.8995502,,,,,0,0,0,0,0,,0,0,0,0,0,0,0,0,0,,0,0,0,,0,0,0,0,0,0,0,0,0,0,,0,0,0,0,0,0,0,0,,0
LPT19,1,4,2018,418,62,0,0.095238097,0,0,0,,0,,,0,,0,,0,,0,0,,,0,0,0,0,,0,,0,,0,0.142857149,,,,,0,0,0,0,0,,0,0,0,0,0.761904776,0,0,0,0,,0,0,0,,0,0,0,0,0,0,0,0,0,0,,0,0,0,0,0,0,0,0,,0
LPT20,1,4,2018,418,38,0.499251157,0.049925115,0.000499251,0,0,,0,,,0,,0,,0,,0,0,,,0,0,0,0,,0,,0,,0,0,,,,,0,0,0,0,0,,0,0,0,0,0,0,0,0,0,,0,0,0.000499251,,0,0,0,0,0,0,0.000499251,0,0,0,,0,0.39940092,0,0,0,0,0.049925115,0,,0
LPT41,1,4,2018,418,32,0.099950023,0.099950023,0.00049975,0,0,,0,,,0,,0,,0,,0,0,,,0,0,0,0,,0,,0,,0,0.399800092,,,,,0,0,0,0,0,,0,0,0,0,0,0,0,0,0,,0,0,0,,0,0,0,0,0,0,0,0,0,0,,0,0.399800092,0,0,0,0,0,0,,0
LPT42,1,4,2018,418,47,0.049975011,0,0.00049975,0,0,,0,,,0,,0,,0,,0,0,,,0,0,0,0,,0,,0,,0,0.799600184,,,,,0,0,0,0,0,,0,0,0,0,0,0,0,0,0,,0,0,0,,0,0,0,0,0,0,0,0,0,0,,0,0.149925038,0,0,0,0,0,0,,0
LPT43,1,4,2018,418,39,0.0004995,0.049950052,0.0004995,0,0,,0,,,0,,0,,0,,0,0,,,0,0,0,0,,0,,0,,0,0.8991009,,,,,0,0,0,0,0,,0,0,0,0,0,0,0,0,0,,0,0,0,,0,0,0,0,0,0,0,0,0,0,,0,0.049950052,0,0,0,0,0,0,,0
LPT44,1,4,2018,418,29,0.000499002,0,0.000499002,0,0,,0,,,0,,0,,0,,0,0,,,0,0,0,0,,0,,0,,0,0.698602736,,,,,0,0,0,0,0,,0,0.000499002,0,0,0,0,0,0,0,,0.000499002,0,0,,0,0,0,0,0,0,0.049900196,0,0,0,,0,0.24950099,0,0,0,0,0,0,,0
RPC10,2,3,2018,318,48.5,0.199600801,0,0.0998004,0.000499002,0,,0.0499002,,,0.000499002,,0,,0,,0,0,,,0,0.0499002,0,0,,0,,0,,0,0.000499002,,,,,0,0,0,0,0,,0,0,0,0,0,0,0,0.49900201,0.0499002,,0,0,0,,0.000499002,0,0,0,0,0,0,0,0,0,,0,0.0499002,0,0,0,0,0,0,,0
RPC11,2,3,2018,318,43,0.049925111,0,0.049925111,0,0,,0,,,0.000499251,,0,,0,,0,0,,,0,0.000499251,0,0,,0,,0,,0,0.099850222,,,,,0,0,0,0,0,,0,0,0,0,0,0,0,0.79880178,0.000499251,,0,0,0,,0,0,0,0,0,0,0,0,0,0,,0,0,0,0,0,0,0,0,,0
RPC12,2,3,2018,318,50,0.099950023,0,0.049975011,0,0,,0.00049975,,,0,,0,,0,,0,0,,,0,0,0,0,,0,,0,,0,0.049975011,,,,,0,0,0,0,0,,0,0,0,0,0,0,0,0.799600184,0,,0,0,0,,0,0,0,0,0,0,0,0,0,0,,0,0,0,0,0,0,0,0,,0
RPC13,2,3,2018,318,42,0.0004995,0,0.049950048,0,0,,0,,,0,,0,,0,,0,0,,,0,0,0,0,,0,,0,,0,0.049950048,,,,,0,0,0,0,0,,0,0,0,0,0,0,0,0.89910084,0.0004995,,0,0,0,,0,0,0,0,0,0,0,0,0,0,,0,0,0,0,0,0,0,0,,0
RPC14,2,3,2018,318,56,0.000498504,0,0.000498504,0,0,,0,,,0,,0,,0,,0,0,,,0,0.000498504,0,0,,0,,0,,0,0.000498504,,,,,0,0,0,0,0,,0,0,0,0,0,0,0,0.99700892,0.000498504,,0,0,0,,0,0,0,0,0,0,0,0,0,0,,0,0.000498504,0,0,0,0,0,0,,0
RPC15,2,3,2018,318,34,0.000498504,0,0.000498504,0.000498504,0,,0,,,0,,0,,0,,0,0,,,0.000498504,0,0,0,,0,,0,,0,0.000498504,,,,,0,0,0,0.000498504,0,,0,0,0,0,0,0,0,0.99700892,0,,0,0,0,,0,0,0,0,0,0,0,0,0,0,,0,0,0,0,0,0,0,0,,0
RPC16,2,4,2018,418,48,0.549725115,0,0.049975011,0.00049975,0,,0,,,0,,0,,0,,0,0,,,0,0,0,0,,0,,0,,0,0.099950023,,,,,0,0,0,0,0,,0,0,0,0,0,0,0,0.099950023,0,,0,0,0,,0,0,0,0,0,0,0,0,0,0,,0,0.199900046,0,0,0,0,0,0,,0
RPC17,2,3,2018,318,61,0.0004995,0,0.0004995,0,0,,0,,,0,,0,,0,,0,0,,,0,0,0,0,,0,,0,,0,0.249750257,,,,,0,0,0,0,0,,0,0,0,0,0,0,0,0.699300706,0,,0,0,0,,0,0,0,0,0,0,0,0,0,0,,0,0.049950052,0,0,0,0,0,0,,0
RPC18,2,3,2018,318,53,0.0004995,0,0.049950048,0,0,,0,,,0,,0,,0,,0,0,,,0,0,0,0,,0,,0,,0,0.049950048,,,,,0,0,0,0,0,,0,0,0,0,0,0,0,0.89910084,0,,0,0,0,,0,0,0,0,0,0,0,0,0,0,,0,0.0004995,0,0,0,0,0,0,,0
RPC19,2,3,2018,318,55,0.000499002,0,0.000499002,0,0,,0,,,0,,0,,0,,0,0,,,0,0,0,0,,0,,0,,0,0.000499002,,,,,0,0,0,0,0,,0,0,0,0,0,0,0,0.99800396,0,,0,0,0,,0,0,0,0,0,0,0,0,0,0,,0,0.000499002,0,0,0,0,0,0,,0
RPC20,2,3,2018,318,43,0.000475511,0,0.047551118,0,0,,0,,,0,,0,,0,,0,0,,,0,0,0,0,,0,,0,,0,0.000475511,,,,,0,0,0,0,0,,0,0,0,0,0,0,0,0.951022327,0,,0,0,0,,0,0,0,0,0,0,0,0,0,0,,0,0.000475511,0,0,0,0,0,0,,0
RPC2,2,3,2018,318,54,0.000499251,0,0.000499251,0,0,,0,,,0,,0,,0,,0,0,,,0,0,0,0,,0,,0,,0,0,,,,,0,0,0,0,0,,0,0,0,0,0,0,0,0.998502254,0,,0,0,0,,0,0,0.000499251,0,0,0,0,0,0,0,,0,0,0,0,0,0,0,0,,0
RPC3,2,3,2018,318,60.5,0.000499002,0,0.000499002,0,0,,0,,,0,,0,,0,,0,0,,,0,0,0,0,,0,,0,,0,0.000499002,,,,,0,0,0,0,0,,0,0,0,0,0,0,0,0.99800396,0,,0,0,0,,0,0,0,0,0,0,0,0,0,0,,0,0.000499002,0,0,0,0,0,0,,0
RPC4,2,3,2018,318,37,0.0004995,0,0.049950048,0,0,,0,,,0,,0,,0,,0,0,,,0,0,0,0,,0,,0,,0,0.049950048,,,,,0,0,0,0,0,,0,0,0,0,0,0,0,0.89910084,0,,0,0,0,,0,0,0,0,0,0,0,0,0,0,,0,0.0004995,0,0,0,0,0,0,,0
RPC5,2,3,2018,318,50,0.000475737,0,0.000475737,0,0,,0,,,0,,0,,0,,0,0,,,0,0,0,0,,0,,0,,0,0.047573742,,,,,0,0,0,0,0,,0,0,0,0,0,0,0,0.951474786,0,,0,0,0,,0,0,0,0,0,0,0,0,0,0,,0,0,0,0,0,0,0,0,,0
RPC6,2,3,2018,318,62,0.000499251,0,0.000499251,0,0,,0,,,0,,0,,0,,0,0,,,0,0,0,0,,0,,0,,0,0.000499251,,,,,0,0,0,0,0,,0,0,0,0,0,0,0,0.998502254,0,,0,0,0,,0,0,0,0,0,0,0,0,0,0,,0,0,0,0,0,0,0,0,,0
RPC7,2,3,2018,318,53.5,0.049950048,0,0.049950048,0.049950048,0,,0,,,0,,0,,0,,0,0,,,0,0,0,0,,0,,0,,0,0.049950048,,,,,0,0,0,0,0,,0,0,0,0,0,0,0,0.799200773,0,,0,0,0,,0.0004995,0,0.0004995,0,0,0,0,0,0,0,,0,0,0,0,0,0,0,0,,0
RPC8,2,3,2018,318,46,0.049900196,0,0.049900196,0.000499002,0,,0.000499002,,,0,,0,,0.099800393,,0,0,,,0,0,0,0,,0,,0,,0,0.000499002,,,,,0,0,0,0,0,,0,0,0,0,0,0,0,0.798403144,0,,0,0,0,,0,0,0,0,0,0,0,0,0,0,,0,0.000499002,0,0,0,0,0,0,,0
RPC9,2,3,2018,318,53,0.000526039,0,0.052603889,0,0,,0.052603889,,,0,,0,,0,,0,0,,,0,0,0,0,,0,,0,,0,0.052603889,,,,,0,0,0,0,0,,0,0,0,0,0,0,0,0.841662228,0,,0,0,0,,0,0,0,0,0,0,0,0,0,0,,0,0,0,0,0,0,0,0,,0
RPT21,2,4,2018,418,64,0.000475737,0,0.047573738,0,0,,0,,,0,,0,,0,,0,0,,,0,0,0,0,,0,,0,,0,0.951474726,,,,,0,0,0.000475737,0,0,,0,0,0,0,0,0,0,0,0,,0,0,0,,0,0,0,0,0,0,0,0,0,0,,0,0,0,0,0,0,0,0,,0
RPT22,2,4,2018,418,53,0.00049975,0,0.099950023,0,0,,0,,,0,,0,,0,,0,0,,,0,0,0,0,,0,,0,,0,0.8995502,,,,,0,0,0,0,0,,0,0,0,0,0,0,0,0,0,,0,0,0,,0,0,0,0,0,0,0,0,0,0,,0,0,0,0,0,0,0,0,,0
RPT23,2,4,2018,418,61,0.00049975,0,0.099950023,0,0,,0,,,0,,0,,0,,0,0,,,0,0,0,0,,0,,0,,0,0.8995502,,,,,0,0,0,0,0,,0,0,0,0,0,0,0,0,0,,0,0,0,,0,0,0,0,0,0,0,0,0,0,,0,0,0,0,0,0,0,0,,0
RPT24,2,4,2018,418,58,0.00049975,0,0.099950023,0,0,,0,,,0,,0,,0,,0,0,,,0,0,0,0,,0,,0,,0,0.8995502,,,,,0,0,0,0,0,,0,0,0,0,0,0,0,0,0,,0,0,0,,0,0,0,0,0,0,0,0,0,0,,0,0,0,0,0,0,0,0,,0
RPT25,2,4,2018,418,53,0.799600184,0,0.199900046,0,0,,0,,,0,,0,,0,,0,0,,,0,0,0,0,,0,,0,,0,0.00049975,,,,,0,0,0,0,0,,0,0,0,0,0,0,0,0,0,,0,0,0,,0,0,0,0,0,0,0,0,0,0,,0,0,0,0,0,0,0,0,,0
RPT26,2,4,2018,418,86,0.476190478,0,0.142857149,0,0,,0,,,0,,0,,0,,0,0,,,0,0,0,0,,0,,0,,0,0.095238097,,,,,0,0,0,0,0,,0,0,0,0,0,0,0,0,0,,0,0,0,,0,0,0,0,0,0,0,0,0,0,,0,0.285714298,0,0,0,0,0,0,,0
RPT27,2,4,2018,418,65,0.856327236,0,0.000475737,0,0,,0,,,0,,0,,0,,0,0,,,0,0,0,0,,0,,0,,0,0.047573738,,,,,0,0,0,0,0,,0,0,0,0,0,0,0,0,0,,0,0,0.047573738,,0,0,0,0,0,0,0,0,0,0,,0,0,0,0,0,0,0.047573738,0,,0.000475737
RPT28,2,4,2018,418,39,0.000475737,0,0.190294951,0,0,,0,,,0,,0,,0,,0,0,,,0,0,0,0,,0,,0,,0,0.666032314,,,,,0,0,0,0,0,,0,0,0,0,0,0,0,0,0.000475737,,0,0,0,,0,0,0,0,0,0,0,0,0,0,,0,0.142721206,0,0,0,0,0,0,,0
RPT29,2,4,2018,418,40,0.00049975,0,0.199900046,0,0,,0,,,0,,0,,0,,0,0,,,0,0,0,0,,0,,0,,0,0.699650168,,,,,0,0,0,0,0,,0,0,0,0,0,0,0,0,0,,0,0,0,,0,0,0,0,0,0,0,0,0,0,,0,0.099950023,0,0,0,0,0,0,,0
RPT30,2,4,2018,418,58,0.00049975,0,0.299850076,0,0,,0,,,0,,0,,0,,0,0,,,0,0,0,0,,0,,0,,0,0.699650168,,,,,0,0,0,0,0,,0,0,0,0,0,0,0,0,0,,0,0,0,,0,0,0,0,0,0,0,0,0,0,,0,0,0,0,0,0,0,0,,0
RPT31,2,4,2018,418,45,0.00049975,0,0.099950023,0,0,,0,,,0,,0,,0,,0,0,,,0,0,0,0,,0,,0,,0,0.8995502,,,,,0,0,0,0,0,,0,0,0,0,0,0,0,0,0,,0,0,0,,0,0,0,0,0,0,0,0,0,0,,0,0,0,0,0,0,0,0,,0
RPT32,2,4,2018,418,34,0.399600387,0,0.149850145,0,0,,0,,,0,,0,,0,,0,0,,,0,0,0,0,,0,,0,,0,0.249750242,,,,,0,0,0,0.0004995,0,,0,0,0,0,0,0,0,0,0.0004995,,0,0,0,,0,0.149850145,0,0,0,0,0,0,0,0,,0,0,0,0,0,0,0.049950048,0,,0
RPT33,2,4,2018,418,57,0.761904776,0,0.190476194,0,0,,0,,,0,,0,,0,,0,0,,,0,0,0,0,,0,,0,,0,0,,,,,0,0,0,0,0,,0,0,0,0,0,0,0,0,0,,0,0,0,,0,0,0.047619049,0,0,0,0,0,0,0,,0,0,0,0,0,0,0,0,,0
RPT34,2,4,2018,418,45,0.100000001,0,0.150000006,0,0,,0,,,0,,0,,0,,0,0,,,0.050000001,0,0,0,,0,,0,,0,0.300000012,,,,,0,0,0,0,0,,0,0,0,0,0,0,0,0,0,,0,0,0,,0,0.400000006,0,0,0,0,0,0,0,0,,0,0,0,0,0,0,0,0,,0
RPT35,2,4,2018,418,61,0.400000006,0,0.100000001,0,0,,0,,,0,,0,,0,,0,0,,,0,0,0,0,,0,,0,,0,0,,,,,0,0,0,0,0,,0,0,0,0,0,0,0,0,0,,0,0,0,,0,0,0,0,0,0,0,0,0,0,,0,0,0,0,0,0,0,0,,0.5
RPT36,2,4,2018,418,92,0.666666687,0,0.285714298,0,0,,0,,,0,,0,,0,,0,0,,,0,0,0,0,,0,,0,,0,0,,,,,0,0,0,0,0,,0,0,0,0,0,0,0,0.047619049,0,,0,0,0,,0,0,0,0,0,0,0,0,0,0,,0,0,0,0,0,0,0,0,,0
RPT37,2,4,2018,418,47,0.631246686,0,0.315623343,0,0,,0,,,0,,0,,0,,0,0,,,0,0,0,0,,0.000526039,,0,,0,0,,,,,0,0,0,0,0,,0,0,0,0,0,0,0,0,0,,0,0,0,,0,0,0,0,0,0,0,0,0,0,,0,0.052603889,0,0,0,0,0,0,,0
RPT38,2,4,2018,418,61,0.476190478,0,0.095238097,0,0,,0,,,0,,0,,0,,0,0,,,0,0,0,0,,0,,0,,0,0.047619049,,,,,0,0,0,0,0,,0,0,0,0,0,0,0,0,0,,0,0,0,,0,0,0,0,0,0,0,0,0,0,,0,0,0,0,0,0,0,0,,0.380952388
RPT39,2,4,2018,418,45,0.299550653,0,0.19970043,0,0,,0,,,0,,0,,0,,0,0,,,0,0,0,0,,0.000499251,,0,,0,0.099850215,,,,,0,0,0,0,0,,0,0,0,0,0,0,0,0.39940086,0,,0,0,0,,0,0,0.000499251,0,0,0,0,0,0,0,,0,0.000499251,0,0,0,0,0,0,,0
RPT40,2,4,2018,418,46,0.5,0,0.200000003,0,0,,0,,,0,,0,,0,,0,0,,,0,0,0,0,,0,,0,,0,0.300000012,,,,,0,0,0,0,0,,0,0,0,0,0,0,0,0,0,,0,0,0,,0,0,0,0,0,0,0,0,0,0,,0,0,0,0,0,0,0,0,,0
UNM1a,1,5,2017,517,23,33,0,25,15,0.01,0.01,2.5,15,0,0,0,0,0,0,0,0,0,0.25,5,0,0,0,0,0,0,0,0,0,0,0,0,5,,,0,0,0,0,0,0,0,0,0,0,0,0,0,0,0,0,0,0,0,0,0,0,0,0,0,0,0,0,0,0,1,0,0,0,0,0,0,0,0,,0
UNM1b,1,5,2017,517,29,66,0,15,7.5,0,0,5,5,0,0,0,0,0,0,0,0,0,0,7.5,0,0,0,0,0.01,0,0,0,0,0,0,0,0,,,0,0,0,0.25,0,0,0,0,0,0,0,0,0,0,0,0,0,0,0,0,0,0,0,0,0,0,0,0,0,0,0,0,0,0,0,0,0,0,0,,0
UNM1c,1,5,2017,517,30,50,0,10,15,0.25,0,10,7.5,0,0,0,0,0,0,2.5,0,0,0,0,0,0,0,0,0,0,0.01,0,0,0,0,0,5,,,0,0,0,0.25,0,0,0,0,0,0,0,0,0,0,0,0,0,0,0,0,0,0,0,0,0,0,0,0,0,0,0,0,0,0,0,0,0,0,0,,0
UNM2a,1,5,2017,517,29,33,0,33,25,0,0.25,2.5,0.25,0,0,0,0,0,0,0,0,0,0.25,0,0,0,0,0,0,0,0,0,0,0,0,0,0,,,0,0,0,0,0,0,0,0,0,0,0,0,0,0,0,0,0,0,0,0,0,0,0,0,0,0,0,0,0,0,1,0,0,0,0,0,0,0,0,,0
UNM2b,1,5,2017,517,39,66,0,25,2.5,0,0,2.5,2.5,0,0,0,0,0,0,0,0,0,1,0,0,0,0,0,0,0,0,0,0,0,0,0,0,,,0,0,0,0,0,0,0,0,0,0,0,0,0,0,0,0,0,0,0,0,0,0,0,0,0,0,0,0,0,0,0,0,0,0,0,0,0,0,0,,0
UNM2c,1,5,2017,517,29,50,0,10,2.5,0.25,0,2.5,1,0,0,0,0,0,0,0,0,0,1,0,0,0,0,0,0,0,0,0,0,0,0,25,0,,,0,0,0,0,0,0,0,0,0,0,0,0,0,0,0,0,0,0,0,0,0,0,0,0,0,0,0,0,0,0,2.5,0,0,0,0,0,0,0,0,,0
UNM3a,1,5,2017,517,22,50,0,7.5,10,0,0,1,0.25,0.25,0,0,0,0,0,0,0,0,0,0,0,0,0,0,0,0,0,0,0,0,0,33,0,,,0,0,0,0,0,0,0,0,0,0,0,0,0,0,0,0,0,0,0,0,0,0,0,0,0,0,0,0,0,0,2.5,0,0,0,0,0,0,0,0,,0
UNM3b,1,5,2017,517,20.5,66,0,2.5,1,0.01,0,1,0.25,1,0,1,0,0,0,0,0,0,0,0,0,0,0,0,0,0,0,0,0.25,0,0,10,0,,,0,0,0,0,0,0,0,0,0,0,0,0,0,0,0,0,0,0,0,1,0,0,0,0,0,0,0,0,0,0,15,0,0,0,0,0,0,0,0,,0
UNM3c,1,5,2017,517,21,66,0,7.5,15,0,0,1,0.25,0.25,0,0,0,0,0,0,0,0,0,2.5,0,0,0,0,0.01,0,0,0,0,0,0,7.5,0,,,0,0,0,2.5,0,0,0,0,0,0,0,0,0,0,0,0,0,0,0,0,0,0,0,0,0,0,0,0,0,0,2.5,0,0,0,0,0,0,0,0.25,,0
UNM4a,1,5,2017,517,17,33,0,33,33,0.01,0,0,0,0,0,0,0,5,0,0,0,0,0,0,0,0,0,0,0,0,0,0,0,0,0,0,0,,,0,0,0,0,0,0,0,0,0,0,0,0,0,0,0,0,0,0,0,0,0,0,0,0,0,0,0,0,0,0,0,0,0,0,0,0,0,0,0.25,,0
UNM4b,1,5,2017,517,18,25,0,25,25,0.01,0,0,0,0,0,0,0,5,0,0,0,0,0,15,0,0,0,0,0,0,0,0,0,0,0,0,0,,,0,0,0,0,0,0,0,0,0,0,0,0,0,0,0,0,0,0,0,0,0,0,0,0,0,0,0,0,0,0,0,0,0,0,0,0,0,0,0,,0
UNM4c,1,5,2017,517,16,33,0,15,50,0.01,0,0,0,0,0,0,0,0,0,0,0,0,0,0,0,0,0,0,0,0,0,0,0,0,0,0,0,,,0,0,0,0,0,0,0,0,0,0,0,0,0,0,0,0,0,0,0,0,0,0,0,0,0,0,0,0,0,0,0,0,0,0,0,0,0,0,0,,0
UNM5a,1,5,2017,517,30,85,0,0.25,10,0.01,0,0,0,0,0,0,0,0.25,5,0,0,0,0,0,0,0,0,0,0,0,0,0,0,0,0,0,0,,,0,0,0,1,0,0,0,0,0,0,0,0,0,0,0,0,0,0,0,0,0,0,0,0,0,0,0,0,0,0,0,0,0,0,0,0,0,0,0,,0
UNM5b,1,5,2017,517,28,25,0,25,10,0,0,25,0,0,0,0,0,0,15,0,0,0,0,0,0,0,0,0,0,0,0,0,0,0,0,0,0,,,0,0,0,0,0,0,0,0,0,0,0,0,0,0,0,0,0,0,0,0,0,0,0,0,0,0,0,0,0,0,0,0,0,0,0,0,0,0,0,,0
UNM5c,1,5,2017,517,33,33,0,25,10,0,0,25,0,0,0,0,0,0,7.5,0,0,0,0.01,0,0,0,0,0,0,0,0,0,0,0,0,0,0,,,0,0,0,0,0,0,0,0,0,0,0,0,0,0,0,0,0,0,0,0,0,0,0,0,0,0,0,0,0,0,0,0,0,0,0,0,0,0,0,,0
UNT1a,1,6,2017,617,36,25,0,50,5,0,0,0,0,0,0,0,0,0,0,0,0,0,0,0,0,0,0,0,0,0,0,0,0,0,0,0,0,,,0,0,0,0,0,0,0,0,0,0,0,0,0,0,0,2.5,0,0,0,0,0,0,0,0,0,0,0,0,0,0,0,0,15,0,0,0,0,0,0,,0
UNT1b,1,6,2017,617,37,25,0,33,7.5,0,0,0,0,0,0,0,0,0,0,0,0,0,0,15,0,0,0,0,0,0,0,0,0,0,0,0,0,,,0,0,0,0,0,0,0,0,0,0,0,0,0,0,0,0,0,0,0,0,0,0,0,0,0,0,0,0,0,0,0,0,15,0,0,0,0,0,0,,0
UNT1c,1,6,2017,617,40,7.5,0,66,5,0,0,0,0,0,0,0,0,0,0,0,0,0,0,0,0,0,0,0,0,0,0,0,0,0,0,0,0,,,0,0,0,0.25,0,0,0,0,0,0,0,0,0,0,0,0,0,0,0,0,0,0,0,0,0,0,0,0,0,0,0,0,25,0,0,0,0,0,0,,0
UNT2a,1,6,2017,617,35,33,0,50,0,0,0,0,0,0,0,0,0,0,0,0,0,0,0,0,0,0,0,0,0,0,0,0,0,0,0,0,0,,,0,0,0,0,0,0,0,0,0,0,0,0,0,0,0,0,0,0,0,0,0,0,0,0,0,0,0,0,0,0,0,0,15,0,0,0,0,0,0,,0
UNT2b,1,6,2017,617,37.5,25,0,75,0,0,0,0,0,0,0,0,0,0,0,0,0,0,0,0,0,0,0,0,0,0,0,0,0,0,0,0,0,,,0,0,0,0,0,0,0,0,0,0,0,0,0,0,0,0,0,0,0,0,0,0,0,0,0,0,0,0,0,0,0,0,5,0,0,0,0,0,0,,0
UNT2c,1,6,2017,617,37,33,0,33,0,0,0,0,0,0,0,0,0,0,0,0,0,0,0,0,0,0,0,0,0,0,0,0,0,0,0,0,0,,,0,0,0,0,0,0,0,0,0,0,0,0,0,0,0,5,0,0,0,0,0,0,0,0,0,0,0,0,0,0,0,0,25,0,0,0,0,0,0,,0
UNT3a,1,6,2017,617,53,50,0,15,0,0,0,0,0,0,0,0,0,0,0,0,0,0,0,0,0,0,0,0,0,0,0,0,0,0,0,0,0,,,0,0,0,0,0,0,0,0,0,0,0,0,0,0,0,0,0,0,0,0,0,0,0,0,0,0,0,0,0,0,0,0,33,0,0,0,0,0,0,,0
UNT3b,1,6,2017,617,47,33,0,10,2.5,0,0,0,0,0,0,0,0,0,0,0,0,0,0,0,0,0,0,0,0,0,0,0,0,0,0.25,0,0,,,0,0,0,0,0,0,0,0,0,0,0,0,0,0,0,5,0,0,0,0,0,0,0,0,0,0,0,0,0,0,0,0,50,0,0,0,0,0,0,,0
UNT3c,1,6,2017,617,42,10,0,50,5,0,0,0,0,0,0,0,0,0,0,0,0,0,0,0,0,0,0,0,0,0,0,0,0,0,0,0,0,,,0,0,0,0,0,0,0,0,0,0,0,0,0,0,0,2.5,0,0,0,0,0,0,0,0,0,0,0,0,0,0,0,0,33,0,0,0,0,0,0,,0
UNT4a,1,6,2017,617,45,25,0,66,0,0,0,0,0,0,0,0,0,0,0,0,0,0,0,0,0,0,0,0,0,0,0,0,0,0,0,0,0,,,0,0,0,0,0,0,0,0,0,0,0,0,0,0,0,0,0,0,0,0,0,0,0,0,0,0,0,0,0,0,0,0,15,0,0,0,0,0,0,,0
UNT4b,1,6,2017,617,44,15,0,66,0,0,0,0,0,0,0,0,0,0,0,0,0,0,0,0,0,0,0,0,0,0,0,0,0,0,0,0,0,,,0,0,0,0,0,0,0,0,0,0,0,0,0,0,0,0,0,0,0,0,0,0,0,0,0,0,0,0,0,0,0,0,15,0,0,0,0,0,0,,0
UNT4c,1,6,2017,617,43,25,0,66,0,0,0,0,0,0,0,0,0,0,0,0,0,0,0,0,0,0,0,0,0,0,0,0,0,0,0,0,0,,,0,0,0,0,0,0,0,0,0,0,0,0,0,0,0,0,0,0,0,0,0,0,0,0,0,0,0,0,0,0,0,0,15,0,0,0,0,0,0,,0
UNT5a,1,6,2017,617,56,33,0,15,0,0,0,0,0,0,0,0,0,0,0,0,0,0,0,0,0,0,0,0,0,0,0,0,0,0,15,0,0,,,0,0,0,0,0,0,0,0,0,0,0,0,0,0,0,0,0,0,0,0,0,0,0,0,0,0,0,0,0,0,0,0,33,0,0,0,0,0,0,,0
UNT5b,1,6,2017,617,54,50,0,25,0,0,0,0,0,0,0,0,0,0,0,0,0,0,0,0,0,0,0,0,0,0,0,0,0,0,1,0,0,,,0,0,0,0,0,0,0,0,0,0,0,0,0,0,0,0,0,0,0,0,0,0,0,0,0,0,0,0,0,0,0,0,25,0,0,0,0,0,0,,0
UNT5c,1,6,2017,617,48,25,0,50,0,0,0,0,0,0,0,0,0,0,0,0,0,0,0,0,0,0,0,0,0,0,0,0,0,0,5,0,0,,,0,0,0,0,0,0,0,0,0,0,0,0,0,0,0,0,0,0,0,0,0,0,0,0,0,0,0,0,0,0,0,0,25,0,0,0,0,0,0,,0
UNM1d,1,5,2018,518,17,10,15,,15,,,1,5,,,,,33,,25,,,,2.5,,,,,,,,,,,,,,,0.25,,,,,,,,,,,,,,,,,,,,,,,,,,,,,,,,,,,,,,,,,
UNM1e,1,5,2018,518,14,15,10,10,5,,,15,7.5,,,,,33,,5,,,0.01,5,,,,,,,,,,,,,,,,,,,,,,,,,,,,,,,,,,,,,,,,,,,,,,,,,,,,,,,,
UNM1f,1,5,2018,518,18,25,25,,25,,,5,5,,,,,15,,,,,,,,,,,,,,,,,,,,,,,,,2.5,,,,,,,,,,,,,,,,,,,,,,,,,,,,,,,,,,,,,
UNM2d,1,5,2018,518,17,25,25,0.25,15,,,10,5,,,,,5,,,,,10,,,,,,0.01,,,,,,,2.5,,,,,,,,,,,,,,,,,,,,,,,,,,,,,,,,,,,,,,,,5,,,,
UNM2e,1,5,2018,518,18,15,25,,15,0.01,,,15,,,,,10,,,,,7,,,,,,,,,,,,,,5,,,,,,,,,,,,,,,,,,,,,,,,,,,,,,,,,,,,,,,,,,,
UNM2f,1,5,2018,518,15,5,50,,5,0.01,,5,10,,,,,5,,,,,15,2.5,,,,,,,,,,,,5,,,,,,,,,,,,,,,,,,,,,,,,,,,,,,,,,,,,,,,,2.5,,,,
UNM3d,1,5,2018,518,12,25,25,25,15,0.25,,2.5,,,,,,,,,,,15,5,,,,,2.5,,,,,,,1,,,,,,,0.25,,0.25,,,,,,,,,,,,,,,,,,,,,,,,,,,,,,,,,,,
UNM4d,1,5,2018,518,16,5,,,95,,,,,,,,,,,,,,,,,,,,,,,,,,,,,,,,,,,,,,,,,,,,,,,,,,,,,,,,,,,,,,,,,,,1,,,,
UNM4e,1,5,2018,518,21,15,,,85,,,,,,,,,,,,,,,,,,,,,,,,,,,,,,,,,,,,,,,,,,,,,,,,,,,,,,,,,,,,,,,,,,,,,,1,
UNT1d,1,6,2018,618,34,5,,10,2.5,,,,,,,,,,,,,,,,,,,,,,,,,,,,,,,,,,,,,,,,,,,,,1,,,,,,,,,,,,,,,,,,85,,,,,,,,
UNT1e,1,6,2018,618,37.5,5,,25,10,,,,,,,,,,,,,,,,,,,,,,,,,,,,,,,,,,,,,,,,,,,,,,,,,,,,,,,,,,,,,,,66,,,,,,,,
UNT1f,1,6,2018,618,33,1,,7.5,2.5,,,,,,,,15,,,,,,,,,,,,,,,,,,,,,,,,,,,,,,,,,,,,,0.25,,,,,,,,,,,,,,,,,,75,,,,,,,,
UNT2d,1,6,2018,618,37.5,7.5,,75,,,,,,,,,,,,,,,,,,,,,,,,,,,,,,,,,,,,,,,,,,,,,,,,,,,,,,,,,,,,,,,,15,,,,,,,,
UNT2e,1,6,2018,618,36,33,,33,,,,,,,,,,,,,,,,,,,,,,,,,,,,,,,,,,,,,,,,,,,,,,,,,,,,,,,,,,,,,,,,33,,,,,,,,
UNT2f,1,6,2018,618,35,2.5,,50,,,,,,,,,,,,,,,,,,,,,,,,,,,,,,,,,,,,,,,,,,,,,,0.25,,,,,,,,,,,,,,,,,,50,,,,,,,,
UNM5d,1,5,2018,518,25,15,33,,5,,,2.5,,,,,,2.5,15,15,,,5,,,,,,,,,,,,,,,7.5,,,,,,,,,,,,,,,,,,,,,,,,,,,,,,,,,,7.5,,,,2.5,,,,
UNM5e,1,5,2018,518,20,5,33,2.5,5,0.01,,33,,,,,,,10,,,,10,1,,,,,,,,,,,,,,1,,,,,,,,,,,,,,,,,,,,,,,,,,,,,,,,,,,,,,,,,,
UNM5f,1,5,2018,518,29,66,7.5,,5,,,,1,,,,,15,,,,,5,,,,,,,,,,,,,,,2.5,,,,,2.5,,,,,,,,,,,,,,,,,,,,,,,,,,,,,,,,,1,,,,
UNM6d,1,5,2018,518,34,66,,,5,,,,,,,,,15,,,,,0.01,,,,,,,,,,,,,,,,,,,,,,,,,,,,,,,,,,,,,,,,,,,,,,,,,15,,,,,,,,
UNM6e,1,5,2018,518,36,75,,1,1,,,2.5,,,,,,15,,,,,,,,,,,,,,,,,,,,,,,,,,,,,,,,,,,,,,,,,,,,,,,,,,,,,,10,,,,,,,,
UNM6f,1,5,2018,518,28.5,50,2.5,2.5,2.5,,,1,,,,,,25,,,,,15,,,,,,,,,,,,,,,,,,,,0.01,,,,,,,,,,,,,,,,,,,,,,,,,,,,,,,,,,,,,
